student,sprint,n_messages,dev_weight_sum,dev_centroid,dev_centroid_bin,n_gh_events,gh_dev_centroid,team,label,contributor,dev_lag
t01_s01,Sprint 1,5,1.0,0.4392538930976431,25–50%,,,,,,
t01_s01,Sprint 3,25,755.0,0.48853247354497353,25–50%,73.0,0.5816904546731173,t01,good teammate,higher,0.09315798112814377
t01_s01,Sprint 3,25,755.0,0.48853247354497353,25–50%,73.0,0.5816904546731173,t01,good teammate,higher,0.09315798112814377
t01_s01,Sprint 3,25,755.0,0.48853247354497353,25–50%,73.0,0.5816904546731173,t01,good teammate,higher,0.09315798112814377
t01_s01,Sprint 3,25,755.0,0.48853247354497353,25–50%,73.0,0.5816904546731173,t01,good teammate,higher,0.09315798112814377
t01_s01,Sprint 3,25,755.0,0.48853247354497353,25–50%,73.0,0.5816904546731173,t01,good teammate,higher,0.09315798112814377
t01_s02,Sprint 1,22,66.0,0.6491259780570859,50–75%,112.0,0.8677469308035715,t01,good teammate,higher,0.21862095274648552
t01_s02,Sprint 1,22,66.0,0.6491259780570859,50–75%,112.0,0.8677469308035715,t01,good teammate,higher,0.21862095274648552
t01_s02,Sprint 1,22,66.0,0.6491259780570859,50–75%,112.0,0.8677469308035715,t01,good teammate,higher,0.21862095274648552
t01_s02,Sprint 1,22,66.0,0.6491259780570859,50–75%,112.0,0.8677469308035715,t01,good teammate,higher,0.21862095274648552
t01_s02,Sprint 2,28,230.0,0.5210644159016481,50–75%,48.0,0.7388728848281766,t01,good teammate,higher,0.2178084689265285
t01_s02,Sprint 2,28,230.0,0.5210644159016481,50–75%,48.0,0.7388728848281766,t01,good teammate,higher,0.2178084689265285
t01_s02,Sprint 2,28,230.0,0.5210644159016481,50–75%,48.0,0.7388728848281766,t01,good teammate,higher,0.2178084689265285
t01_s02,Sprint 2,28,230.0,0.5210644159016481,50–75%,48.0,0.7388728848281766,t01,good teammate,higher,0.2178084689265285
t01_s02,Sprint 3,46,1106.0,0.6442111208160801,50–75%,53.0,0.7471332016821404,t01,good teammate,higher,0.10292208086606025
t01_s02,Sprint 3,46,1106.0,0.6442111208160801,50–75%,53.0,0.7471332016821404,t01,good teammate,higher,0.10292208086606025
t01_s02,Sprint 3,46,1106.0,0.6442111208160801,50–75%,53.0,0.7471332016821404,t01,good teammate,higher,0.10292208086606025
t01_s02,Sprint 3,46,1106.0,0.6442111208160801,50–75%,53.0,0.7471332016821404,t01,good teammate,higher,0.10292208086606025
t01_s02,Sprint 3,46,1106.0,0.6442111208160801,50–75%,53.0,0.7471332016821404,t01,good teammate,higher,0.10292208086606025
t01_s03,Sprint 1,58,187.0,0.6886433525267038,50–75%,185.0,0.8355947040790791,t01,good teammate,higher,0.14695135155237526
t01_s03,Sprint 1,58,187.0,0.6886433525267038,50–75%,185.0,0.8355947040790791,t01,good teammate,higher,0.14695135155237526
t01_s03,Sprint 1,58,187.0,0.6886433525267038,50–75%,185.0,0.8355947040790791,t01,good teammate,higher,0.14695135155237526
t01_s03,Sprint 1,58,187.0,0.6886433525267038,50–75%,185.0,0.8355947040790791,t01,good teammate,higher,0.14695135155237526
t01_s03,Sprint 2,60,445.0,0.4906777161885673,25–50%,81.0,0.7155177591888937,t01,good teammate,higher,0.2248400430003264
t01_s03,Sprint 2,60,445.0,0.4906777161885673,25–50%,81.0,0.7155177591888937,t01,good teammate,higher,0.2248400430003264
t01_s03,Sprint 2,60,445.0,0.4906777161885673,25–50%,81.0,0.7155177591888937,t01,good teammate,higher,0.2248400430003264
t01_s03,Sprint 2,60,445.0,0.4906777161885673,25–50%,81.0,0.7155177591888937,t01,good teammate,higher,0.2248400430003264
t01_s03,Sprint 3,60,1352.0,0.5712054811507936,50–75%,78.0,0.6940047939136481,t01,good teammate,higher,0.1227993127628545
t01_s03,Sprint 3,60,1352.0,0.5712054811507936,50–75%,78.0,0.6940047939136481,t01,good teammate,higher,0.1227993127628545
t01_s03,Sprint 3,60,1352.0,0.5712054811507936,50–75%,78.0,0.6940047939136481,t01,good teammate,higher,0.1227993127628545
t01_s03,Sprint 3,60,1352.0,0.5712054811507936,50–75%,78.0,0.6940047939136481,t01,good teammate,higher,0.1227993127628545
t01_s03,Sprint 3,60,1352.0,0.5712054811507936,50–75%,78.0,0.6940047939136481,t01,good teammate,higher,0.1227993127628545
t01_s04,Sprint 1,21,90.0,0.7055247915664582,50–75%,44.0,0.8221818086164677,t01,good teammate,higher,0.11665701705000953
t01_s04,Sprint 1,21,90.0,0.7055247915664582,50–75%,44.0,0.8221818086164677,t01,couch potato,lower,0.11665701705000953
t01_s04,Sprint 1,21,90.0,0.7055247915664582,50–75%,44.0,0.8221818086164677,t01,good teammate,higher,0.11665701705000953
t01_s04,Sprint 1,21,90.0,0.7055247915664582,50–75%,44.0,0.8221818086164677,t01,hitchhiker,lower,0.11665701705000953
t01_s04,Sprint 2,38,317.0,0.5394734864218043,50–75%,74.0,0.7352438881948464,t01,good teammate,higher,0.19577040177304217
t01_s04,Sprint 2,38,317.0,0.5394734864218043,50–75%,74.0,0.7352438881948464,t01,good teammate,higher,0.19577040177304217
t01_s04,Sprint 2,38,317.0,0.5394734864218043,50–75%,74.0,0.7352438881948464,t01,couch potato,lower,0.19577040177304217
t01_s04,Sprint 2,38,317.0,0.5394734864218043,50–75%,74.0,0.7352438881948464,t01,good teammate,higher,0.19577040177304217
t01_s04,Sprint 3,27,507.0,0.5597925086958652,50–75%,61.0,0.6514042103066181,t01,good teammate,higher,0.09161170161075294
t01_s04,Sprint 3,27,507.0,0.5597925086958652,50–75%,61.0,0.6514042103066181,t01,good teammate,higher,0.09161170161075294
t01_s04,Sprint 3,27,507.0,0.5597925086958652,50–75%,61.0,0.6514042103066181,t01,good teammate,higher,0.09161170161075294
t01_s04,Sprint 3,27,507.0,0.5597925086958652,50–75%,61.0,0.6514042103066181,t01,good teammate,higher,0.09161170161075294
t01_s04,Sprint 3,27,507.0,0.5597925086958652,50–75%,61.0,0.6514042103066181,t01,good teammate,higher,0.09161170161075294
t01_s05,Sprint 1,26,91.0,0.7180776818667444,50–75%,49.0,0.8182134589947091,t01,good teammate,higher,0.10013577712796473
t01_s05,Sprint 1,26,91.0,0.7180776818667444,50–75%,49.0,0.8182134589947091,t01,couch potato,lower,0.10013577712796473
t01_s05,Sprint 1,26,91.0,0.7180776818667444,50–75%,49.0,0.8182134589947091,t01,hitchhiker,lower,0.10013577712796473
t01_s05,Sprint 1,26,91.0,0.7180776818667444,50–75%,49.0,0.8182134589947091,t01,good teammate,higher,0.10013577712796473
t01_s05,Sprint 2,24,239.0,0.5713031598396593,50–75%,48.0,0.7620681643805587,t01,good teammate,higher,0.1907650045408994
t01_s05,Sprint 2,24,239.0,0.5713031598396593,50–75%,48.0,0.7620681643805587,t01,good teammate,higher,0.1907650045408994
t01_s05,Sprint 2,24,239.0,0.5713031598396593,50–75%,48.0,0.7620681643805587,t01,couch potato,lower,0.1907650045408994
t01_s05,Sprint 2,24,239.0,0.5713031598396593,50–75%,48.0,0.7620681643805587,t01,good teammate,higher,0.1907650045408994
t01_s05,Sprint 3,8,72.0,0.5765840463789682,50–75%,20.0,0.7567113715277778,t01,good teammate,higher,0.18012732514880958
t01_s05,Sprint 3,8,72.0,0.5765840463789682,50–75%,20.0,0.7567113715277778,t01,good teammate,higher,0.18012732514880958
t01_s05,Sprint 3,8,72.0,0.5765840463789682,50–75%,20.0,0.7567113715277778,t01,hitchhiker,lower,0.18012732514880958
t01_s05,Sprint 3,8,72.0,0.5765840463789682,50–75%,20.0,0.7567113715277778,t01,couch potato,lower,0.18012732514880958
t01_s05,Sprint 3,8,72.0,0.5765840463789682,50–75%,20.0,0.7567113715277778,t01,good teammate,higher,0.18012732514880958
t02_s01,Sprint 1,99,494.0,0.7285593758502533,50–75%,174.0,0.8764722566904679,t02,good teammate,higher,0.1479128808402146
t02_s01,Sprint 1,99,494.0,0.7285593758502533,50–75%,174.0,0.8764722566904679,t02,good teammate,higher,0.1479128808402146
t02_s01,Sprint 1,99,494.0,0.7285593758502533,50–75%,174.0,0.8764722566904679,t02,good teammate,higher,0.1479128808402146
t02_s01,Sprint 1,99,494.0,0.7285593758502533,50–75%,174.0,0.8764722566904679,t02,good teammate,higher,0.1479128808402146
t02_s01,Sprint 1,99,494.0,0.7285593758502533,50–75%,174.0,0.8764722566904679,t02,good teammate,higher,0.1479128808402146
t02_s01,Sprint 1,99,494.0,0.7285593758502533,50–75%,174.0,0.8764722566904679,t02,good teammate,higher,0.1479128808402146
t02_s01,Sprint 1,99,494.0,0.7285593758502533,50–75%,174.0,0.8764722566904679,t02,good teammate,higher,0.1479128808402146
t02_s01,Sprint 2,190,513.0,0.4925019496558392,25–50%,138.0,0.7013566873083563,t02,good teammate,higher,0.2088547376525171
t02_s01,Sprint 2,190,513.0,0.4925019496558392,25–50%,138.0,0.7013566873083563,t02,good teammate,higher,0.2088547376525171
t02_s01,Sprint 2,190,513.0,0.4925019496558392,25–50%,138.0,0.7013566873083563,t02,good teammate,higher,0.2088547376525171
t02_s01,Sprint 2,190,513.0,0.4925019496558392,25–50%,138.0,0.7013566873083563,t02,good teammate,higher,0.2088547376525171
t02_s01,Sprint 2,190,513.0,0.4925019496558392,25–50%,138.0,0.7013566873083563,t02,good teammate,higher,0.2088547376525171
t02_s01,Sprint 2,190,513.0,0.4925019496558392,25–50%,138.0,0.7013566873083563,t02,good teammate,higher,0.2088547376525171
t02_s01,Sprint 3,114,524.0,0.661677966355364,50–75%,88.0,0.8085638471771284,t02,good teammate,higher,0.14688588082176435
t02_s01,Sprint 3,114,524.0,0.661677966355364,50–75%,88.0,0.8085638471771284,t02,good teammate,higher,0.14688588082176435
t02_s01,Sprint 3,114,524.0,0.661677966355364,50–75%,88.0,0.8085638471771284,t02,good teammate,higher,0.14688588082176435
t02_s01,Sprint 3,114,524.0,0.661677966355364,50–75%,88.0,0.8085638471771284,t02,good teammate,higher,0.14688588082176435
t02_s01,Sprint 3,114,524.0,0.661677966355364,50–75%,88.0,0.8085638471771284,t02,good teammate,higher,0.14688588082176435
t02_s02,Sprint 1,35,212.0,0.8157607849326599,75–100%,108.0,0.9251604733679386,t02,good teammate,higher,0.1093996884352787
t02_s02,Sprint 1,35,212.0,0.8157607849326599,75–100%,108.0,0.9251604733679386,t02,good teammate,higher,0.1093996884352787
t02_s02,Sprint 1,35,212.0,0.8157607849326599,75–100%,108.0,0.9251604733679386,t02,good teammate,higher,0.1093996884352787
t02_s02,Sprint 1,35,212.0,0.8157607849326599,75–100%,108.0,0.9251604733679386,t02,good teammate,higher,0.1093996884352787
t02_s02,Sprint 1,35,212.0,0.8157607849326599,75–100%,108.0,0.9251604733679386,t02,good teammate,higher,0.1093996884352787
t02_s02,Sprint 1,35,212.0,0.8157607849326599,75–100%,108.0,0.9251604733679386,t02,good teammate,higher,0.1093996884352787
t02_s02,Sprint 1,35,212.0,0.8157607849326599,75–100%,108.0,0.9251604733679386,t02,couch potato,lower,0.1093996884352787
t02_s02,Sprint 2,22,82.0,0.25286977725393733,25–50%,57.0,0.9585294353571515,t02,lone wolf,higher,0.7056596581032142
t02_s02,Sprint 2,22,82.0,0.25286977725393733,25–50%,57.0,0.9585294353571515,t02,good teammate,higher,0.7056596581032142
t02_s02,Sprint 2,22,82.0,0.25286977725393733,25–50%,57.0,0.9585294353571515,t02,good teammate,higher,0.7056596581032142
t02_s02,Sprint 2,22,82.0,0.25286977725393733,25–50%,57.0,0.9585294353571515,t02,good teammate,higher,0.7056596581032142
t02_s02,Sprint 2,22,82.0,0.25286977725393733,25–50%,57.0,0.9585294353571515,t02,good teammate,higher,0.7056596581032142
t02_s02,Sprint 2,22,82.0,0.25286977725393733,25–50%,57.0,0.9585294353571515,t02,couch potato,lower,0.7056596581032142
t02_s02,Sprint 3,29,362.0,0.5830770930259077,50–75%,34.0,0.9512546685340804,t02,hitchhiker,lower,0.36817757550817265
t02_s02,Sprint 3,29,362.0,0.5830770930259077,50–75%,34.0,0.9512546685340804,t02,good teammate,higher,0.36817757550817265
t02_s02,Sprint 3,29,362.0,0.5830770930259077,50–75%,34.0,0.9512546685340804,t02,good teammate,higher,0.36817757550817265
t02_s02,Sprint 3,29,362.0,0.5830770930259077,50–75%,34.0,0.9512546685340804,t02,good teammate,higher,0.36817757550817265
t02_s02,Sprint 3,29,362.0,0.5830770930259077,50–75%,34.0,0.9512546685340804,t02,good teammate,higher,0.36817757550817265
t02_s03,Sprint 1,32,64.0,0.7729883634522307,75–100%,132.0,0.8619885008545046,t02,good teammate,higher,0.08900013740227397
t02_s03,Sprint 1,32,64.0,0.7729883634522307,75–100%,132.0,0.8619885008545046,t02,good teammate,higher,0.08900013740227397
t02_s03,Sprint 1,32,64.0,0.7729883634522307,75–100%,132.0,0.8619885008545046,t02,good teammate,higher,0.08900013740227397
t02_s03,Sprint 1,32,64.0,0.7729883634522307,75–100%,132.0,0.8619885008545046,t02,good teammate,higher,0.08900013740227397
t02_s03,Sprint 1,32,64.0,0.7729883634522307,75–100%,132.0,0.8619885008545046,t02,good teammate,higher,0.08900013740227397
t02_s03,Sprint 1,32,64.0,0.7729883634522307,75–100%,132.0,0.8619885008545046,t02,good teammate,higher,0.08900013740227397
t02_s03,Sprint 1,32,64.0,0.7729883634522307,75–100%,132.0,0.8619885008545046,t02,good teammate,higher,0.08900013740227397
t02_s03,Sprint 2,43,102.0,0.5325434395312261,50–75%,83.0,0.707916581772411,t02,lone wolf,higher,0.17537314224118494
t02_s03,Sprint 2,43,102.0,0.5325434395312261,50–75%,83.0,0.707916581772411,t02,good teammate,higher,0.17537314224118494
t02_s03,Sprint 2,43,102.0,0.5325434395312261,50–75%,83.0,0.707916581772411,t02,good teammate,higher,0.17537314224118494
t02_s03,Sprint 2,43,102.0,0.5325434395312261,50–75%,83.0,0.707916581772411,t02,good teammate,higher,0.17537314224118494
t02_s03,Sprint 2,43,102.0,0.5325434395312261,50–75%,83.0,0.707916581772411,t02,good teammate,higher,0.17537314224118494
t02_s03,Sprint 2,43,102.0,0.5325434395312261,50–75%,83.0,0.707916581772411,t02,couch potato,lower,0.17537314224118494
t02_s03,Sprint 3,41,302.0,0.5090168489482514,50–75%,58.0,0.7645089784596789,t02,hitchhiker,lower,0.2554921295114275
t02_s03,Sprint 3,41,302.0,0.5090168489482514,50–75%,58.0,0.7645089784596789,t02,good teammate,higher,0.2554921295114275
t02_s03,Sprint 3,41,302.0,0.5090168489482514,50–75%,58.0,0.7645089784596789,t02,good teammate,higher,0.2554921295114275
t02_s03,Sprint 3,41,302.0,0.5090168489482514,50–75%,58.0,0.7645089784596789,t02,good teammate,higher,0.2554921295114275
t02_s03,Sprint 3,41,302.0,0.5090168489482514,50–75%,58.0,0.7645089784596789,t02,good teammate,higher,0.2554921295114275
t02_s04,Sprint 1,14,16.0,0.7879993762025013,75–100%,20.0,0.9489572416877105,t02,couch potato,lower,0.16095786548520918
t02_s04,Sprint 1,14,16.0,0.7879993762025013,75–100%,20.0,0.9489572416877105,t02,good teammate,higher,0.16095786548520918
t02_s04,Sprint 1,14,16.0,0.7879993762025013,75–100%,20.0,0.9489572416877105,t02,good teammate,higher,0.16095786548520918
t02_s04,Sprint 1,14,16.0,0.7879993762025013,75–100%,20.0,0.9489572416877105,t02,good teammate,higher,0.16095786548520918
t02_s04,Sprint 1,14,16.0,0.7879993762025013,75–100%,20.0,0.9489572416877105,t02,good teammate,higher,0.16095786548520918
t02_s04,Sprint 1,14,16.0,0.7879993762025013,75–100%,20.0,0.9489572416877105,t02,good teammate,higher,0.16095786548520918
t02_s04,Sprint 1,14,16.0,0.7879993762025013,75–100%,20.0,0.9489572416877105,t02,good teammate,higher,0.16095786548520918
t02_s04,Sprint 2,25,52.0,0.5096130276838281,50–75%,39.0,0.9207249780784167,t02,lone wolf,higher,0.4111119503945886
t02_s04,Sprint 2,25,52.0,0.5096130276838281,50–75%,39.0,0.9207249780784167,t02,good teammate,higher,0.4111119503945886
t02_s04,Sprint 2,25,52.0,0.5096130276838281,50–75%,39.0,0.9207249780784167,t02,good teammate,higher,0.4111119503945886
t02_s04,Sprint 2,25,52.0,0.5096130276838281,50–75%,39.0,0.9207249780784167,t02,good teammate,higher,0.4111119503945886
t02_s04,Sprint 2,25,52.0,0.5096130276838281,50–75%,39.0,0.9207249780784167,t02,good teammate,higher,0.4111119503945886
t02_s04,Sprint 2,25,52.0,0.5096130276838281,50–75%,39.0,0.9207249780784167,t02,couch potato,lower,0.4111119503945886
t02_s04,Sprint 3,47,245.0,0.8437430520375998,75–100%,105.0,0.9714123007999497,t02,hitchhiker,lower,0.12766924876234986
t02_s04,Sprint 3,47,245.0,0.8437430520375998,75–100%,105.0,0.9714123007999497,t02,good teammate,higher,0.12766924876234986
t02_s04,Sprint 3,47,245.0,0.8437430520375998,75–100%,105.0,0.9714123007999497,t02,good teammate,higher,0.12766924876234986
t02_s04,Sprint 3,47,245.0,0.8437430520375998,75–100%,105.0,0.9714123007999497,t02,good teammate,higher,0.12766924876234986
t02_s04,Sprint 3,47,245.0,0.8437430520375998,75–100%,105.0,0.9714123007999497,t02,good teammate,higher,0.12766924876234986
t02_s05,Sprint 1,31,218.0,0.6662478447105463,50–75%,51.0,0.8189904715042583,t02,good teammate,higher,0.15274262679371198
t02_s05,Sprint 1,31,218.0,0.6662478447105463,50–75%,51.0,0.8189904715042583,t02,couch potato,lower,0.15274262679371198
t02_s05,Sprint 1,31,218.0,0.6662478447105463,50–75%,51.0,0.8189904715042583,t02,good teammate,higher,0.15274262679371198
t02_s05,Sprint 1,31,218.0,0.6662478447105463,50–75%,51.0,0.8189904715042583,t02,good teammate,higher,0.15274262679371198
t02_s05,Sprint 1,31,218.0,0.6662478447105463,50–75%,51.0,0.8189904715042583,t02,good teammate,higher,0.15274262679371198
t02_s05,Sprint 1,31,218.0,0.6662478447105463,50–75%,51.0,0.8189904715042583,t02,good teammate,higher,0.15274262679371198
t02_s05,Sprint 2,57,247.0,0.4023739756192435,25–50%,28.0,0.5496363813281795,t02,lone wolf,higher,0.147262405708936
t02_s05,Sprint 2,57,247.0,0.4023739756192435,25–50%,28.0,0.5496363813281795,t02,good teammate,higher,0.147262405708936
t02_s05,Sprint 2,57,247.0,0.4023739756192435,25–50%,28.0,0.5496363813281795,t02,lone wolf,higher,0.147262405708936
t02_s05,Sprint 2,57,247.0,0.4023739756192435,25–50%,28.0,0.5496363813281795,t02,good teammate,higher,0.147262405708936
t02_s05,Sprint 2,57,247.0,0.4023739756192435,25–50%,28.0,0.5496363813281795,t02,good teammate,higher,0.147262405708936
t02_s05,Sprint 2,57,247.0,0.4023739756192435,25–50%,28.0,0.5496363813281795,t02,good teammate,higher,0.147262405708936
t02_s05,Sprint 3,98,793.0,0.6467749374055177,50–75%,31.0,0.787389486260454,t02,good teammate,higher,0.1406145488549363
t02_s05,Sprint 3,98,793.0,0.6467749374055177,50–75%,31.0,0.787389486260454,t02,good teammate,higher,0.1406145488549363
t02_s05,Sprint 3,98,793.0,0.6467749374055177,50–75%,31.0,0.787389486260454,t02,good teammate,higher,0.1406145488549363
t02_s05,Sprint 3,98,793.0,0.6467749374055177,50–75%,31.0,0.787389486260454,t02,good teammate,higher,0.1406145488549363
t02_s05,Sprint 3,98,793.0,0.6467749374055177,50–75%,31.0,0.787389486260454,t02,good teammate,higher,0.1406145488549363
t02_s06,Sprint 1,53,157.0,0.7091112977256846,50–75%,179.0,0.8844375537850573,t02,good teammate,higher,0.1753262560593727
t02_s06,Sprint 1,53,157.0,0.7091112977256846,50–75%,179.0,0.8844375537850573,t02,good teammate,higher,0.1753262560593727
t02_s06,Sprint 1,53,157.0,0.7091112977256846,50–75%,179.0,0.8844375537850573,t02,good teammate,higher,0.1753262560593727
t02_s06,Sprint 1,53,157.0,0.7091112977256846,50–75%,179.0,0.8844375537850573,t02,good teammate,higher,0.1753262560593727
t02_s06,Sprint 1,53,157.0,0.7091112977256846,50–75%,179.0,0.8844375537850573,t02,couch potato,lower,0.1753262560593727
t02_s06,Sprint 1,53,157.0,0.7091112977256846,50–75%,179.0,0.8844375537850573,t02,good teammate,higher,0.1753262560593727
t02_s06,Sprint 1,53,157.0,0.7091112977256846,50–75%,179.0,0.8844375537850573,t02,good teammate,higher,0.1753262560593727
t02_s06,Sprint 1,53,157.0,0.7091112977256846,50–75%,179.0,0.8844375537850573,t02,good teammate,higher,0.1753262560593727
t02_s06,Sprint 2,68,108.0,0.4793221801685725,25–50%,149.0,0.6373009885940509,t02,good teammate,higher,0.15797880842547846
t02_s06,Sprint 2,68,108.0,0.4793221801685725,25–50%,149.0,0.6373009885940509,t02,good teammate,higher,0.15797880842547846
t02_s06,Sprint 2,68,108.0,0.4793221801685725,25–50%,149.0,0.6373009885940509,t02,good teammate,higher,0.15797880842547846
t02_s06,Sprint 2,68,108.0,0.4793221801685725,25–50%,149.0,0.6373009885940509,t02,good teammate,higher,0.15797880842547846
t02_s06,Sprint 2,68,108.0,0.4793221801685725,25–50%,149.0,0.6373009885940509,t02,good teammate,higher,0.15797880842547846
t02_s06,Sprint 2,68,108.0,0.4793221801685725,25–50%,149.0,0.6373009885940509,t02,good teammate,higher,0.15797880842547846
t02_s06,Sprint 3,33,184.0,0.2664096821388488,25–50%,68.0,0.4145367938842203,t02,good teammate,higher,0.14812711174537152
t02_s06,Sprint 3,33,184.0,0.2664096821388488,25–50%,68.0,0.4145367938842203,t02,good teammate,higher,0.14812711174537152
t02_s06,Sprint 3,33,184.0,0.2664096821388488,25–50%,68.0,0.4145367938842203,t02,good teammate,higher,0.14812711174537152
t02_s06,Sprint 3,33,184.0,0.2664096821388488,25–50%,68.0,0.4145367938842203,t02,good teammate,higher,0.14812711174537152
t02_s06,Sprint 3,33,184.0,0.2664096821388488,25–50%,68.0,0.4145367938842203,t02,good teammate,higher,0.14812711174537152
t03_s01,Sprint 1,76,410.0,0.802529309521497,75–100%,51.0,0.7141747282877797,t03,good teammate,higher,-0.08835458123371731
t03_s01,Sprint 1,76,410.0,0.802529309521497,75–100%,51.0,0.7141747282877797,t03,good teammate,higher,-0.08835458123371731
t03_s01,Sprint 1,76,410.0,0.802529309521497,75–100%,51.0,0.7141747282877797,t03,good teammate,higher,-0.08835458123371731
t03_s01,Sprint 1,76,410.0,0.802529309521497,75–100%,51.0,0.7141747282877797,t03,good teammate,higher,-0.08835458123371731
t03_s01,Sprint 1,76,410.0,0.802529309521497,75–100%,51.0,0.7141747282877797,t03,good teammate,higher,-0.08835458123371731
t03_s01,Sprint 2,55,498.0,0.7917533793401889,75–100%,32.0,0.8389320861518226,t03,good teammate,higher,0.04717870681163372
t03_s01,Sprint 2,55,498.0,0.7917533793401889,75–100%,32.0,0.8389320861518226,t03,good teammate,higher,0.04717870681163372
t03_s01,Sprint 2,55,498.0,0.7917533793401889,75–100%,32.0,0.8389320861518226,t03,good teammate,higher,0.04717870681163372
t03_s01,Sprint 2,55,498.0,0.7917533793401889,75–100%,32.0,0.8389320861518226,t03,good teammate,higher,0.04717870681163372
t03_s01,Sprint 2,55,498.0,0.7917533793401889,75–100%,32.0,0.8389320861518226,t03,good teammate,higher,0.04717870681163372
t03_s01,Sprint 3,8,21.0,0.7637289186507936,75–100%,17.0,0.7894590822440087,t03,good teammate,higher,0.025730163593215116
t03_s01,Sprint 3,8,21.0,0.7637289186507936,75–100%,17.0,0.7894590822440087,t03,good teammate,higher,0.025730163593215116
t03_s01,Sprint 3,8,21.0,0.7637289186507936,75–100%,17.0,0.7894590822440087,t03,good teammate,higher,0.025730163593215116
t03_s01,Sprint 3,8,21.0,0.7637289186507936,75–100%,17.0,0.7894590822440087,t03,good teammate,higher,0.025730163593215116
t03_s01,Sprint 3,8,21.0,0.7637289186507936,75–100%,17.0,0.7894590822440087,t03,good teammate,higher,0.025730163593215116
t03_s02,Sprint 1,50,187.0,0.7711501262626262,75–100%,73.0,0.6890402346812877,t03,good teammate,higher,-0.08210989158133852
t03_s02,Sprint 1,50,187.0,0.7711501262626262,75–100%,73.0,0.6890402346812877,t03,good teammate,higher,-0.08210989158133852
t03_s02,Sprint 1,50,187.0,0.7711501262626262,75–100%,73.0,0.6890402346812877,t03,good teammate,higher,-0.08210989158133852
t03_s02,Sprint 1,50,187.0,0.7711501262626262,75–100%,73.0,0.6890402346812877,t03,good teammate,higher,-0.08210989158133852
t03_s02,Sprint 1,50,187.0,0.7711501262626262,75–100%,73.0,0.6890402346812877,t03,good teammate,higher,-0.08210989158133852
t03_s02,Sprint 2,32,100.0,0.7398002982901165,50–75%,54.0,0.8066946427825796,t03,good teammate,higher,0.06689434449246312
t03_s02,Sprint 2,32,100.0,0.7398002982901165,50–75%,54.0,0.8066946427825796,t03,good teammate,higher,0.06689434449246312
t03_s02,Sprint 2,32,100.0,0.7398002982901165,50–75%,54.0,0.8066946427825796,t03,good teammate,higher,0.06689434449246312
t03_s02,Sprint 2,32,100.0,0.7398002982901165,50–75%,54.0,0.8066946427825796,t03,good teammate,higher,0.06689434449246312
t03_s02,Sprint 2,32,100.0,0.7398002982901165,50–75%,54.0,0.8066946427825796,t03,good teammate,higher,0.06689434449246312
t03_s02,Sprint 3,23,53.0,0.8234008727283184,75–100%,43.0,0.6137862026270456,t03,good teammate,higher,-0.20961467010127277
t03_s02,Sprint 3,23,53.0,0.8234008727283184,75–100%,43.0,0.6137862026270456,t03,good teammate,higher,-0.20961467010127277
t03_s02,Sprint 3,23,53.0,0.8234008727283184,75–100%,43.0,0.6137862026270456,t03,good teammate,higher,-0.20961467010127277
t03_s02,Sprint 3,23,53.0,0.8234008727283184,75–100%,43.0,0.6137862026270456,t03,good teammate,higher,-0.20961467010127277
t03_s02,Sprint 3,23,53.0,0.8234008727283184,75–100%,43.0,0.6137862026270456,t03,good teammate,higher,-0.20961467010127277
t03_s03,Sprint 1,72,407.0,0.7347760190153854,50–75%,50.0,0.7299239951599327,t03,good teammate,higher,-0.004852023855452692
t03_s03,Sprint 1,72,407.0,0.7347760190153854,50–75%,50.0,0.7299239951599327,t03,good teammate,higher,-0.004852023855452692
t03_s03,Sprint 1,72,407.0,0.7347760190153854,50–75%,50.0,0.7299239951599327,t03,good teammate,higher,-0.004852023855452692
t03_s03,Sprint 1,72,407.0,0.7347760190153854,50–75%,50.0,0.7299239951599327,t03,good teammate,higher,-0.004852023855452692
t03_s03,Sprint 1,72,407.0,0.7347760190153854,50–75%,50.0,0.7299239951599327,t03,good teammate,higher,-0.004852023855452692
t03_s03,Sprint 2,31,108.0,0.7368841651412478,50–75%,41.0,0.6109980507358624,t03,good teammate,higher,-0.12588611440538533
t03_s03,Sprint 2,31,108.0,0.7368841651412478,50–75%,41.0,0.6109980507358624,t03,good teammate,higher,-0.12588611440538533
t03_s03,Sprint 2,31,108.0,0.7368841651412478,50–75%,41.0,0.6109980507358624,t03,good teammate,higher,-0.12588611440538533
t03_s03,Sprint 2,31,108.0,0.7368841651412478,50–75%,41.0,0.6109980507358624,t03,good teammate,higher,-0.12588611440538533
t03_s03,Sprint 2,31,108.0,0.7368841651412478,50–75%,41.0,0.6109980507358624,t03,good teammate,higher,-0.12588611440538533
t03_s03,Sprint 3,19,53.0,0.5835321158799778,50–75%,10.0,0.6492387979497354,t03,good teammate,higher,0.0657066820697576
t03_s03,Sprint 3,19,53.0,0.5835321158799778,50–75%,10.0,0.6492387979497354,t03,good teammate,higher,0.0657066820697576
t03_s03,Sprint 3,19,53.0,0.5835321158799778,50–75%,10.0,0.6492387979497354,t03,good teammate,higher,0.0657066820697576
t03_s03,Sprint 3,19,53.0,0.5835321158799778,50–75%,10.0,0.6492387979497354,t03,good teammate,higher,0.0657066820697576
t03_s03,Sprint 3,19,53.0,0.5835321158799778,50–75%,10.0,0.6492387979497354,t03,good teammate,higher,0.0657066820697576
t03_s04,Sprint 1,65,229.0,0.7163870718401969,50–75%,140.0,0.7119510713534152,t03,good teammate,higher,-0.0044360004867817215
t03_s04,Sprint 1,65,229.0,0.7163870718401969,50–75%,140.0,0.7119510713534152,t03,good teammate,higher,-0.0044360004867817215
t03_s04,Sprint 1,65,229.0,0.7163870718401969,50–75%,140.0,0.7119510713534152,t03,good teammate,higher,-0.0044360004867817215
t03_s04,Sprint 1,65,229.0,0.7163870718401969,50–75%,140.0,0.7119510713534152,t03,good teammate,higher,-0.0044360004867817215
t03_s04,Sprint 1,65,229.0,0.7163870718401969,50–75%,140.0,0.7119510713534152,t03,good teammate,higher,-0.0044360004867817215
t03_s04,Sprint 2,29,150.0,0.726875947595537,50–75%,72.0,0.7091895146978997,t03,good teammate,higher,-0.017686432897637272
t03_s04,Sprint 2,29,150.0,0.726875947595537,50–75%,72.0,0.7091895146978997,t03,good teammate,higher,-0.017686432897637272
t03_s04,Sprint 2,29,150.0,0.726875947595537,50–75%,72.0,0.7091895146978997,t03,good teammate,higher,-0.017686432897637272
t03_s04,Sprint 2,29,150.0,0.726875947595537,50–75%,72.0,0.7091895146978997,t03,good teammate,higher,-0.017686432897637272
t03_s04,Sprint 2,29,150.0,0.726875947595537,50–75%,72.0,0.7091895146978997,t03,good teammate,higher,-0.017686432897637272
t03_s04,Sprint 3,11,51.0,0.6364560786435786,50–75%,31.0,0.6394389374253285,t03,good teammate,higher,0.002982858781749975
t03_s04,Sprint 3,11,51.0,0.6364560786435786,50–75%,31.0,0.6394389374253285,t03,good teammate,higher,0.002982858781749975
t03_s04,Sprint 3,11,51.0,0.6364560786435786,50–75%,31.0,0.6394389374253285,t03,good teammate,higher,0.002982858781749975
t03_s04,Sprint 3,11,51.0,0.6364560786435786,50–75%,31.0,0.6394389374253285,t03,good teammate,higher,0.002982858781749975
t03_s04,Sprint 3,11,51.0,0.6364560786435786,50–75%,31.0,0.6394389374253285,t03,good teammate,higher,0.002982858781749975
t03_s05,Sprint 1,92,610.0,0.7930383959273587,75–100%,117.0,0.7899079762187401,t03,good teammate,higher,-0.0031304197086186036
t03_s05,Sprint 1,92,610.0,0.7930383959273587,75–100%,117.0,0.7899079762187401,t03,good teammate,higher,-0.0031304197086186036
t03_s05,Sprint 1,92,610.0,0.7930383959273587,75–100%,117.0,0.7899079762187401,t03,good teammate,higher,-0.0031304197086186036
t03_s05,Sprint 1,92,610.0,0.7930383959273587,75–100%,117.0,0.7899079762187401,t03,good teammate,higher,-0.0031304197086186036
t03_s05,Sprint 1,92,610.0,0.7930383959273587,75–100%,117.0,0.7899079762187401,t03,good teammate,higher,-0.0031304197086186036
t03_s05,Sprint 2,49,397.0,0.8603400977076288,75–100%,55.0,0.8588677416783392,t03,good teammate,higher,-0.0014723560292895232
t03_s05,Sprint 2,49,397.0,0.8603400977076288,75–100%,55.0,0.8588677416783392,t03,good teammate,higher,-0.0014723560292895232
t03_s05,Sprint 2,49,397.0,0.8603400977076288,75–100%,55.0,0.8588677416783392,t03,good teammate,higher,-0.0014723560292895232
t03_s05,Sprint 2,49,397.0,0.8603400977076288,75–100%,55.0,0.8588677416783392,t03,good teammate,higher,-0.0014723560292895232
t03_s05,Sprint 2,49,397.0,0.8603400977076288,75–100%,55.0,0.8588677416783392,t03,good teammate,higher,-0.0014723560292895232
t03_s05,Sprint 3,19,48.0,0.7810166475215817,75–100%,29.0,0.7974597473088852,t03,good teammate,higher,0.016443099787303517
t03_s05,Sprint 3,19,48.0,0.7810166475215817,75–100%,29.0,0.7974597473088852,t03,good teammate,higher,0.016443099787303517
t03_s05,Sprint 3,19,48.0,0.7810166475215817,75–100%,29.0,0.7974597473088852,t03,good teammate,higher,0.016443099787303517
t03_s05,Sprint 3,19,48.0,0.7810166475215817,75–100%,29.0,0.7974597473088852,t03,good teammate,higher,0.016443099787303517
t03_s05,Sprint 3,19,48.0,0.7810166475215817,75–100%,29.0,0.7974597473088852,t03,good teammate,higher,0.016443099787303517
t04_s01,Sprint 1,16,50.0,0.41929348826809765,25–50%,461.0,0.6662759903125617,t04,good teammate,higher,0.24698250204446404
t04_s01,Sprint 1,16,50.0,0.41929348826809765,25–50%,461.0,0.6662759903125617,t04,lone wolf,higher,0.24698250204446404
t04_s01,Sprint 1,16,50.0,0.41929348826809765,25–50%,461.0,0.6662759903125617,t04,lone wolf,higher,0.24698250204446404
t04_s01,Sprint 1,16,50.0,0.41929348826809765,25–50%,461.0,0.6662759903125617,t04,good teammate,higher,0.24698250204446404
t04_s01,Sprint 1,16,50.0,0.41929348826809765,25–50%,461.0,0.6662759903125617,t04,good teammate,higher,0.24698250204446404
t04_s01,Sprint 2,14,49.0,0.5726438995365151,50–75%,302.0,0.5123348892057875,t04,good teammate,higher,-0.06030901033072755
t04_s01,Sprint 2,14,49.0,0.5726438995365151,50–75%,302.0,0.5123348892057875,t04,lone wolf,higher,-0.06030901033072755
t04_s01,Sprint 2,14,49.0,0.5726438995365151,50–75%,302.0,0.5123348892057875,t04,lone wolf,higher,-0.06030901033072755
t04_s01,Sprint 2,14,49.0,0.5726438995365151,50–75%,302.0,0.5123348892057875,t04,good teammate,higher,-0.06030901033072755
t04_s01,Sprint 2,14,49.0,0.5726438995365151,50–75%,302.0,0.5123348892057875,t04,lone wolf,higher,-0.06030901033072755
t04_s02,Sprint 1,6,15.0,0.27948276164422,25–50%,183.0,0.6613333485699435,t04,couch potato,lower,0.38185058692572355
t04_s02,Sprint 1,6,15.0,0.27948276164422,25–50%,183.0,0.6613333485699435,t04,good teammate,higher,0.38185058692572355
t04_s02,Sprint 1,6,15.0,0.27948276164422,25–50%,183.0,0.6613333485699435,t04,good teammate,higher,0.38185058692572355
t04_s02,Sprint 1,6,15.0,0.27948276164422,25–50%,183.0,0.6613333485699435,t04,lone wolf,higher,0.38185058692572355
t04_s02,Sprint 1,6,15.0,0.27948276164422,25–50%,183.0,0.6613333485699435,t04,good teammate,higher,0.38185058692572355
t04_s02,Sprint 2,4,14.0,0.2507203588876362,25–50%,64.0,0.6276762436583991,t04,hitchhiker,lower,0.3769558847707629
t04_s02,Sprint 2,4,14.0,0.2507203588876362,25–50%,64.0,0.6276762436583991,t04,good teammate,higher,0.3769558847707629
t04_s02,Sprint 2,4,14.0,0.2507203588876362,25–50%,64.0,0.6276762436583991,t04,good teammate,higher,0.3769558847707629
t04_s02,Sprint 2,4,14.0,0.2507203588876362,25–50%,64.0,0.6276762436583991,t04,good teammate,higher,0.3769558847707629
t04_s02,Sprint 2,4,14.0,0.2507203588876362,25–50%,64.0,0.6276762436583991,t04,good teammate,higher,0.3769558847707629
t04_s03,Sprint 1,5,25.0,0.6387108059764309,50–75%,277.0,0.7047611380045947,t04,good teammate,higher,0.0660503320281638
t04_s03,Sprint 1,5,25.0,0.6387108059764309,50–75%,277.0,0.7047611380045947,t04,good teammate,higher,0.0660503320281638
t04_s03,Sprint 1,5,25.0,0.6387108059764309,50–75%,277.0,0.7047611380045947,t04,good teammate,higher,0.0660503320281638
t04_s03,Sprint 1,5,25.0,0.6387108059764309,50–75%,277.0,0.7047611380045947,t04,good teammate,higher,0.0660503320281638
t04_s03,Sprint 1,5,25.0,0.6387108059764309,50–75%,277.0,0.7047611380045947,t04,lone wolf,higher,0.0660503320281638
t04_s03,Sprint 2,2,0.0,0.09928347738945259,0–25%,80.0,0.5682435057309283,t04,hitchhiker,lower,0.4689600283414757
t04_s03,Sprint 2,2,0.0,0.09928347738945259,0–25%,80.0,0.5682435057309283,t04,good teammate,higher,0.4689600283414757
t04_s03,Sprint 2,2,0.0,0.09928347738945259,0–25%,80.0,0.5682435057309283,t04,good teammate,higher,0.4689600283414757
t04_s03,Sprint 2,2,0.0,0.09928347738945259,0–25%,80.0,0.5682435057309283,t04,good teammate,higher,0.4689600283414757
t04_s03,Sprint 2,2,0.0,0.09928347738945259,0–25%,80.0,0.5682435057309283,t04,good teammate,higher,0.4689600283414757
t04_s04,Sprint 1,3,2.0,0.39297260802469136,25–50%,161.0,0.7351244360007947,t04,good teammate,higher,0.34215182797610333
t04_s04,Sprint 1,3,2.0,0.39297260802469136,25–50%,161.0,0.7351244360007947,t04,good teammate,higher,0.34215182797610333
t04_s04,Sprint 1,3,2.0,0.39297260802469136,25–50%,161.0,0.7351244360007947,t04,good teammate,higher,0.34215182797610333
t04_s04,Sprint 1,3,2.0,0.39297260802469136,25–50%,161.0,0.7351244360007947,t04,good teammate,higher,0.34215182797610333
t04_s04,Sprint 1,3,2.0,0.39297260802469136,25–50%,161.0,0.7351244360007947,t04,couch potato,lower,0.34215182797610333
t04_s04,Sprint 2,4,0.0,0.1552603970938244,0–25%,82.0,0.6756463659055982,t04,hitchhiker,lower,0.5203859688117738
t04_s04,Sprint 2,4,0.0,0.1552603970938244,0–25%,82.0,0.6756463659055982,t04,good teammate,higher,0.5203859688117738
t04_s04,Sprint 2,4,0.0,0.1552603970938244,0–25%,82.0,0.6756463659055982,t04,good teammate,higher,0.5203859688117738
t04_s04,Sprint 2,4,0.0,0.1552603970938244,0–25%,82.0,0.6756463659055982,t04,good teammate,higher,0.5203859688117738
t04_s04,Sprint 2,4,0.0,0.1552603970938244,0–25%,82.0,0.6756463659055982,t04,good teammate,higher,0.5203859688117738
t04_s05,Sprint 1,1,0.0,0.24207886153198654,0–25%,63.0,0.5449010024183635,t04,lone wolf,higher,0.30282214088637693
t04_s05,Sprint 1,1,0.0,0.24207886153198654,0–25%,63.0,0.5449010024183635,t04,hitchhiker,lower,0.30282214088637693
t04_s05,Sprint 1,1,0.0,0.24207886153198654,0–25%,63.0,0.5449010024183635,t04,hitchhiker,lower,0.30282214088637693
t04_s05,Sprint 1,1,0.0,0.24207886153198654,0–25%,63.0,0.5449010024183635,t04,good teammate,higher,0.30282214088637693
t04_s05,Sprint 1,1,0.0,0.24207886153198654,0–25%,63.0,0.5449010024183635,t04,couch potato,lower,0.30282214088637693
t05_s01,Sprint 1,18,86.0,0.7584829048587729,75–100%,122.0,0.8427156490623448,t05,good teammate,higher,0.08423274420357185
t05_s01,Sprint 1,18,86.0,0.7584829048587729,75–100%,122.0,0.8427156490623448,t05,couch potato,lower,0.08423274420357185
t05_s01,Sprint 1,18,86.0,0.7584829048587729,75–100%,122.0,0.8427156490623448,t05,good teammate,higher,0.08423274420357185
t05_s01,Sprint 1,18,86.0,0.7584829048587729,75–100%,122.0,0.8427156490623448,t05,couch potato,lower,0.08423274420357185
t05_s01,Sprint 1,18,86.0,0.7584829048587729,75–100%,122.0,0.8427156490623448,t05,good teammate,higher,0.08423274420357185
t05_s01,Sprint 1,18,86.0,0.7584829048587729,75–100%,122.0,0.8427156490623448,t05,hitchhiker,lower,0.08423274420357185
t05_s01,Sprint 2,24,75.0,0.3024755078500146,25–50%,40.0,0.8335845233621445,t05,good teammate,higher,0.5311090155121299
t05_s01,Sprint 2,24,75.0,0.3024755078500146,25–50%,40.0,0.8335845233621445,t05,good teammate,higher,0.5311090155121299
t05_s01,Sprint 2,24,75.0,0.3024755078500146,25–50%,40.0,0.8335845233621445,t05,good teammate,higher,0.5311090155121299
t05_s01,Sprint 2,24,75.0,0.3024755078500146,25–50%,40.0,0.8335845233621445,t05,good teammate,higher,0.5311090155121299
t05_s01,Sprint 2,24,75.0,0.3024755078500146,25–50%,40.0,0.8335845233621445,t05,good teammate,higher,0.5311090155121299
t05_s01,Sprint 3,4,3.0,0.5354500454695768,50–75%,49.0,0.8669721311143505,t05,good teammate,higher,0.3315220856447737
t05_s01,Sprint 3,4,3.0,0.5354500454695768,50–75%,49.0,0.8669721311143505,t05,good teammate,higher,0.3315220856447737
t05_s01,Sprint 3,4,3.0,0.5354500454695768,50–75%,49.0,0.8669721311143505,t05,good teammate,higher,0.3315220856447737
t05_s01,Sprint 3,4,3.0,0.5354500454695768,50–75%,49.0,0.8669721311143505,t05,good teammate,higher,0.3315220856447737
t05_s01,Sprint 3,4,3.0,0.5354500454695768,50–75%,49.0,0.8669721311143505,t05,good teammate,higher,0.3315220856447737
t05_s02,Sprint 1,9,1.0,0.5162033237467265,50–75%,73.0,0.7961399958488999,t05,couch potato,lower,0.27993667210217343
t05_s02,Sprint 1,9,1.0,0.5162033237467265,50–75%,73.0,0.7961399958488999,t05,couch potato,lower,0.27993667210217343
t05_s02,Sprint 1,9,1.0,0.5162033237467265,50–75%,73.0,0.7961399958488999,t05,good teammate,higher,0.27993667210217343
t05_s02,Sprint 1,9,1.0,0.5162033237467265,50–75%,73.0,0.7961399958488999,t05,couch potato,lower,0.27993667210217343
t05_s02,Sprint 1,9,1.0,0.5162033237467265,50–75%,73.0,0.7961399958488999,t05,good teammate,higher,0.27993667210217343
t05_s02,Sprint 1,9,1.0,0.5162033237467265,50–75%,73.0,0.7961399958488999,t05,hitchhiker,lower,0.27993667210217343
t05_s02,Sprint 2,2,1.0,0.94749906050357,75–100%,27.0,0.8083496643330039,t05,good teammate,higher,-0.1391493961705661
t05_s02,Sprint 2,2,1.0,0.94749906050357,75–100%,27.0,0.8083496643330039,t05,good teammate,higher,-0.1391493961705661
t05_s02,Sprint 2,2,1.0,0.94749906050357,75–100%,27.0,0.8083496643330039,t05,couch potato,lower,-0.1391493961705661
t05_s02,Sprint 2,2,1.0,0.94749906050357,75–100%,27.0,0.8083496643330039,t05,hitchhiker,lower,-0.1391493961705661
t05_s02,Sprint 2,2,1.0,0.94749906050357,75–100%,27.0,0.8083496643330039,t05,good teammate,higher,-0.1391493961705661
t05_s02,Sprint 3,8,21.0,0.9426787781084656,75–100%,60.0,0.8569876405423281,t05,good teammate,higher,-0.08569113756613744
t05_s02,Sprint 3,8,21.0,0.9426787781084656,75–100%,60.0,0.8569876405423281,t05,good teammate,higher,-0.08569113756613744
t05_s02,Sprint 3,8,21.0,0.9426787781084656,75–100%,60.0,0.8569876405423281,t05,good teammate,higher,-0.08569113756613744
t05_s02,Sprint 3,8,21.0,0.9426787781084656,75–100%,60.0,0.8569876405423281,t05,good teammate,higher,-0.08569113756613744
t05_s02,Sprint 3,8,21.0,0.9426787781084656,75–100%,60.0,0.8569876405423281,t05,good teammate,higher,-0.08569113756613744
t05_s03,Sprint 1,3,0.0,0.5841498316498317,50–75%,151.0,0.8548457324347225,t05,good teammate,higher,0.2706959007848908
t05_s03,Sprint 1,3,0.0,0.5841498316498317,50–75%,151.0,0.8548457324347225,t05,couch potato,lower,0.2706959007848908
t05_s03,Sprint 1,3,0.0,0.5841498316498317,50–75%,151.0,0.8548457324347225,t05,good teammate,higher,0.2706959007848908
t05_s03,Sprint 1,3,0.0,0.5841498316498317,50–75%,151.0,0.8548457324347225,t05,couch potato,lower,0.2706959007848908
t05_s03,Sprint 1,3,0.0,0.5841498316498317,50–75%,151.0,0.8548457324347225,t05,good teammate,higher,0.2706959007848908
t05_s03,Sprint 1,3,0.0,0.5841498316498317,50–75%,151.0,0.8548457324347225,t05,good teammate,higher,0.2706959007848908
t05_s03,Sprint 2,11,44.0,0.17231560247343788,0–25%,62.0,0.7668628749398925,t05,good teammate,higher,0.5945472724664546
t05_s03,Sprint 2,11,44.0,0.17231560247343788,0–25%,62.0,0.7668628749398925,t05,good teammate,higher,0.5945472724664546
t05_s03,Sprint 2,11,44.0,0.17231560247343788,0–25%,62.0,0.7668628749398925,t05,good teammate,higher,0.5945472724664546
t05_s03,Sprint 2,11,44.0,0.17231560247343788,0–25%,62.0,0.7668628749398925,t05,good teammate,higher,0.5945472724664546
t05_s03,Sprint 2,11,44.0,0.17231560247343788,0–25%,62.0,0.7668628749398925,t05,good teammate,higher,0.5945472724664546
t05_s03,Sprint 3,6,14.0,0.6506405698853616,50–75%,65.0,0.8199836055148555,t05,good teammate,higher,0.16934303562949393
t05_s03,Sprint 3,6,14.0,0.6506405698853616,50–75%,65.0,0.8199836055148555,t05,good teammate,higher,0.16934303562949393
t05_s03,Sprint 3,6,14.0,0.6506405698853616,50–75%,65.0,0.8199836055148555,t05,good teammate,higher,0.16934303562949393
t05_s03,Sprint 3,6,14.0,0.6506405698853616,50–75%,65.0,0.8199836055148555,t05,good teammate,higher,0.16934303562949393
t05_s03,Sprint 3,6,14.0,0.6506405698853616,50–75%,65.0,0.8199836055148555,t05,good teammate,higher,0.16934303562949393
t05_s04,Sprint 1,55,245.0,0.6640416475359657,50–75%,280.0,0.8135219249789563,t05,good teammate,higher,0.14948027744299053
t05_s04,Sprint 1,55,245.0,0.6640416475359657,50–75%,280.0,0.8135219249789563,t05,good teammate,higher,0.14948027744299053
t05_s04,Sprint 1,55,245.0,0.6640416475359657,50–75%,280.0,0.8135219249789563,t05,good teammate,higher,0.14948027744299053
t05_s04,Sprint 1,55,245.0,0.6640416475359657,50–75%,280.0,0.8135219249789563,t05,good teammate,higher,0.14948027744299053
t05_s04,Sprint 1,55,245.0,0.6640416475359657,50–75%,280.0,0.8135219249789563,t05,good teammate,higher,0.14948027744299053
t05_s04,Sprint 1,55,245.0,0.6640416475359657,50–75%,280.0,0.8135219249789563,t05,good teammate,higher,0.14948027744299053
t05_s04,Sprint 2,42,150.0,0.3264469661721635,25–50%,118.0,0.7205581511134891,t05,good teammate,higher,0.3941111849413256
t05_s04,Sprint 2,42,150.0,0.3264469661721635,25–50%,118.0,0.7205581511134891,t05,good teammate,higher,0.3941111849413256
t05_s04,Sprint 2,42,150.0,0.3264469661721635,25–50%,118.0,0.7205581511134891,t05,good teammate,higher,0.3941111849413256
t05_s04,Sprint 2,42,150.0,0.3264469661721635,25–50%,118.0,0.7205581511134891,t05,good teammate,higher,0.3941111849413256
t05_s04,Sprint 2,42,150.0,0.3264469661721635,25–50%,118.0,0.7205581511134891,t05,good teammate,higher,0.3941111849413256
t05_s04,Sprint 3,13,40.0,0.7294103263634514,50–75%,67.0,0.6916219867922293,t05,good teammate,higher,-0.037788339571222074
t05_s04,Sprint 3,13,40.0,0.7294103263634514,50–75%,67.0,0.6916219867922293,t05,good teammate,higher,-0.037788339571222074
t05_s04,Sprint 3,13,40.0,0.7294103263634514,50–75%,67.0,0.6916219867922293,t05,good teammate,higher,-0.037788339571222074
t05_s04,Sprint 3,13,40.0,0.7294103263634514,50–75%,67.0,0.6916219867922293,t05,good teammate,higher,-0.037788339571222074
t05_s04,Sprint 3,13,40.0,0.7294103263634514,50–75%,67.0,0.6916219867922293,t05,good teammate,higher,-0.037788339571222074
t05_s05,Sprint 1,78,443.0,0.6779832007305966,50–75%,254.0,0.7728887049630161,t05,good teammate,higher,0.0949055042324195
t05_s05,Sprint 1,78,443.0,0.6779832007305966,50–75%,254.0,0.7728887049630161,t05,good teammate,higher,0.0949055042324195
t05_s05,Sprint 1,78,443.0,0.6779832007305966,50–75%,254.0,0.7728887049630161,t05,good teammate,higher,0.0949055042324195
t05_s05,Sprint 1,78,443.0,0.6779832007305966,50–75%,254.0,0.7728887049630161,t05,good teammate,higher,0.0949055042324195
t05_s05,Sprint 1,78,443.0,0.6779832007305966,50–75%,254.0,0.7728887049630161,t05,good teammate,higher,0.0949055042324195
t05_s05,Sprint 1,78,443.0,0.6779832007305966,50–75%,254.0,0.7728887049630161,t05,good teammate,higher,0.0949055042324195
t05_s05,Sprint 2,16,6.0,0.6561228352436428,50–75%,76.0,0.6098746555179757,t05,good teammate,higher,-0.04624817972566708
t05_s05,Sprint 2,16,6.0,0.6561228352436428,50–75%,76.0,0.6098746555179757,t05,good teammate,higher,-0.04624817972566708
t05_s05,Sprint 2,16,6.0,0.6561228352436428,50–75%,76.0,0.6098746555179757,t05,good teammate,higher,-0.04624817972566708
t05_s05,Sprint 2,16,6.0,0.6561228352436428,50–75%,76.0,0.6098746555179757,t05,good teammate,higher,-0.04624817972566708
t05_s05,Sprint 2,16,6.0,0.6561228352436428,50–75%,76.0,0.6098746555179757,t05,good teammate,higher,-0.04624817972566708
t05_s05,Sprint 3,14,49.0,0.5220023738662132,50–75%,49.0,0.5318348366132167,t05,good teammate,higher,0.009832462747003556
t05_s05,Sprint 3,14,49.0,0.5220023738662132,50–75%,49.0,0.5318348366132167,t05,good teammate,higher,0.009832462747003556
t05_s05,Sprint 3,14,49.0,0.5220023738662132,50–75%,49.0,0.5318348366132167,t05,good teammate,higher,0.009832462747003556
t05_s05,Sprint 3,14,49.0,0.5220023738662132,50–75%,49.0,0.5318348366132167,t05,good teammate,higher,0.009832462747003556
t05_s05,Sprint 3,14,49.0,0.5220023738662132,50–75%,49.0,0.5318348366132167,t05,good teammate,higher,0.009832462747003556
t06_s01,Sprint 1,15,8.0,0.5123639553082913,50–75%,71.0,0.8116552444930526,t06,good teammate,higher,0.29929128918476133
t06_s01,Sprint 1,15,8.0,0.5123639553082913,50–75%,71.0,0.8116552444930526,t06,good teammate,higher,0.29929128918476133
t06_s01,Sprint 1,15,8.0,0.5123639553082913,50–75%,71.0,0.8116552444930526,t06,good teammate,higher,0.29929128918476133
t06_s01,Sprint 1,15,8.0,0.5123639553082913,50–75%,71.0,0.8116552444930526,t06,good teammate,higher,0.29929128918476133
t06_s01,Sprint 1,15,8.0,0.5123639553082913,50–75%,71.0,0.8116552444930526,t06,good teammate,higher,0.29929128918476133
t06_s01,Sprint 2,6,5.0,0.5548112134118335,50–75%,28.0,0.8536946480020042,t06,couch potato,lower,0.29888343459017075
t06_s01,Sprint 2,6,5.0,0.5548112134118335,50–75%,28.0,0.8536946480020042,t06,good teammate,higher,0.29888343459017075
t06_s01,Sprint 2,6,5.0,0.5548112134118335,50–75%,28.0,0.8536946480020042,t06,good teammate,higher,0.29888343459017075
t06_s01,Sprint 2,6,5.0,0.5548112134118335,50–75%,28.0,0.8536946480020042,t06,hitchhiker,lower,0.29888343459017075
t06_s01,Sprint 2,6,5.0,0.5548112134118335,50–75%,28.0,0.8536946480020042,t06,good teammate,higher,0.29888343459017075
t06_s01,Sprint 3,30,100.0,0.7668209049823633,75–100%,50.0,0.7641333581349207,t06,good teammate,higher,-0.0026875468474426567
t06_s01,Sprint 3,30,100.0,0.7668209049823633,75–100%,50.0,0.7641333581349207,t06,good teammate,higher,-0.0026875468474426567
t06_s01,Sprint 3,30,100.0,0.7668209049823633,75–100%,50.0,0.7641333581349207,t06,good teammate,higher,-0.0026875468474426567
t06_s01,Sprint 3,30,100.0,0.7668209049823633,75–100%,50.0,0.7641333581349207,t06,good teammate,higher,-0.0026875468474426567
t06_s01,Sprint 3,30,100.0,0.7668209049823633,75–100%,50.0,0.7641333581349207,t06,good teammate,higher,-0.0026875468474426567
t06_s02,Sprint 1,7,4.0,0.7152089345839345,50–75%,32.0,0.870476460569234,t06,couch potato,lower,0.15526752598529947
t06_s02,Sprint 1,7,4.0,0.7152089345839345,50–75%,32.0,0.870476460569234,t06,couch potato,lower,0.15526752598529947
t06_s02,Sprint 1,7,4.0,0.7152089345839345,50–75%,32.0,0.870476460569234,t06,couch potato,lower,0.15526752598529947
t06_s02,Sprint 1,7,4.0,0.7152089345839345,50–75%,32.0,0.870476460569234,t06,couch potato,lower,0.15526752598529947
t06_s02,Sprint 1,7,4.0,0.7152089345839345,50–75%,32.0,0.870476460569234,t06,hitchhiker,lower,0.15526752598529947
t06_s02,Sprint 2,22,72.0,0.7725226760274674,75–100%,142.0,0.522791790830162,t06,good teammate,higher,-0.24973088519730535
t06_s02,Sprint 2,22,72.0,0.7725226760274674,75–100%,142.0,0.522791790830162,t06,good teammate,higher,-0.24973088519730535
t06_s02,Sprint 2,22,72.0,0.7725226760274674,75–100%,142.0,0.522791790830162,t06,good teammate,higher,-0.24973088519730535
t06_s02,Sprint 2,22,72.0,0.7725226760274674,75–100%,142.0,0.522791790830162,t06,good teammate,higher,-0.24973088519730535
t06_s02,Sprint 2,22,72.0,0.7725226760274674,75–100%,142.0,0.522791790830162,t06,good teammate,higher,-0.24973088519730535
t06_s02,Sprint 3,28,51.0,0.6984104101710128,50–75%,107.0,0.8400024338006231,t06,good teammate,higher,0.14159202362961032
t06_s02,Sprint 3,28,51.0,0.6984104101710128,50–75%,107.0,0.8400024338006231,t06,good teammate,higher,0.14159202362961032
t06_s02,Sprint 3,28,51.0,0.6984104101710128,50–75%,107.0,0.8400024338006231,t06,good teammate,higher,0.14159202362961032
t06_s02,Sprint 3,28,51.0,0.6984104101710128,50–75%,107.0,0.8400024338006231,t06,good teammate,higher,0.14159202362961032
t06_s02,Sprint 3,28,51.0,0.6984104101710128,50–75%,107.0,0.8400024338006231,t06,good teammate,higher,0.14159202362961032
t06_s03,Sprint 1,51,176.0,0.7158831008202945,50–75%,158.0,0.8012424165840899,t06,good teammate,higher,0.08535931576379541
t06_s03,Sprint 1,51,176.0,0.7158831008202945,50–75%,158.0,0.8012424165840899,t06,good teammate,higher,0.08535931576379541
t06_s03,Sprint 1,51,176.0,0.7158831008202945,50–75%,158.0,0.8012424165840899,t06,good teammate,higher,0.08535931576379541
t06_s03,Sprint 1,51,176.0,0.7158831008202945,50–75%,158.0,0.8012424165840899,t06,good teammate,higher,0.08535931576379541
t06_s03,Sprint 1,51,176.0,0.7158831008202945,50–75%,158.0,0.8012424165840899,t06,good teammate,higher,0.08535931576379541
t06_s03,Sprint 2,36,117.0,0.7083062967138503,50–75%,116.0,0.6573375481086965,t06,good teammate,higher,-0.05096874860515377
t06_s03,Sprint 2,36,117.0,0.7083062967138503,50–75%,116.0,0.6573375481086965,t06,good teammate,higher,-0.05096874860515377
t06_s03,Sprint 2,36,117.0,0.7083062967138503,50–75%,116.0,0.6573375481086965,t06,good teammate,higher,-0.05096874860515377
t06_s03,Sprint 2,36,117.0,0.7083062967138503,50–75%,116.0,0.6573375481086965,t06,good teammate,higher,-0.05096874860515377
t06_s03,Sprint 2,36,117.0,0.7083062967138503,50–75%,116.0,0.6573375481086965,t06,good teammate,higher,-0.05096874860515377
t06_s03,Sprint 3,44,92.0,0.6586122196669071,50–75%,103.0,0.7397118802011096,t06,couch potato,lower,0.08109966053420248
t06_s03,Sprint 3,44,92.0,0.6586122196669071,50–75%,103.0,0.7397118802011096,t06,good teammate,higher,0.08109966053420248
t06_s03,Sprint 3,44,92.0,0.6586122196669071,50–75%,103.0,0.7397118802011096,t06,good teammate,higher,0.08109966053420248
t06_s03,Sprint 3,44,92.0,0.6586122196669071,50–75%,103.0,0.7397118802011096,t06,good teammate,higher,0.08109966053420248
t06_s03,Sprint 3,44,92.0,0.6586122196669071,50–75%,103.0,0.7397118802011096,t06,good teammate,higher,0.08109966053420248
t06_s04,Sprint 1,16,72.0,0.7761402600220959,75–100%,129.0,0.8376361686960039,t06,good teammate,higher,0.06149590867390797
t06_s04,Sprint 1,16,72.0,0.7761402600220959,75–100%,129.0,0.8376361686960039,t06,good teammate,higher,0.06149590867390797
t06_s04,Sprint 1,16,72.0,0.7761402600220959,75–100%,129.0,0.8376361686960039,t06,good teammate,higher,0.06149590867390797
t06_s04,Sprint 1,16,72.0,0.7761402600220959,75–100%,129.0,0.8376361686960039,t06,good teammate,higher,0.06149590867390797
t06_s04,Sprint 1,16,72.0,0.7761402600220959,75–100%,129.0,0.8376361686960039,t06,good teammate,higher,0.06149590867390797
t06_s04,Sprint 2,5,12.0,0.47834742577978207,25–50%,35.0,0.8747371557416653,t06,couch potato,lower,0.39638972996188326
t06_s04,Sprint 2,5,12.0,0.47834742577978207,25–50%,35.0,0.8747371557416653,t06,good teammate,higher,0.39638972996188326
t06_s04,Sprint 2,5,12.0,0.47834742577978207,25–50%,35.0,0.8747371557416653,t06,good teammate,higher,0.39638972996188326
t06_s04,Sprint 2,5,12.0,0.47834742577978207,25–50%,35.0,0.8747371557416653,t06,good teammate,higher,0.39638972996188326
t06_s04,Sprint 2,5,12.0,0.47834742577978207,25–50%,35.0,0.8747371557416653,t06,good teammate,higher,0.39638972996188326
t06_s04,Sprint 3,14,10.0,0.45008149092970523,25–50%,61.0,0.7878965475648365,t06,good teammate,higher,0.3378150566351313
t06_s04,Sprint 3,14,10.0,0.45008149092970523,25–50%,61.0,0.7878965475648365,t06,good teammate,higher,0.3378150566351313
t06_s04,Sprint 3,14,10.0,0.45008149092970523,25–50%,61.0,0.7878965475648365,t06,good teammate,higher,0.3378150566351313
t06_s04,Sprint 3,14,10.0,0.45008149092970523,25–50%,61.0,0.7878965475648365,t06,good teammate,higher,0.3378150566351313
t06_s04,Sprint 3,14,10.0,0.45008149092970523,25–50%,61.0,0.7878965475648365,t06,good teammate,higher,0.3378150566351313
t06_s05,Sprint 1,1,0.0,0.4013386468855219,25–50%,68.0,0.8889599425628837,t06,good teammate,higher,0.4876212956773618
t06_s05,Sprint 1,1,0.0,0.4013386468855219,25–50%,68.0,0.8889599425628837,t06,good teammate,higher,0.4876212956773618
t06_s05,Sprint 1,1,0.0,0.4013386468855219,25–50%,68.0,0.8889599425628837,t06,hitchhiker,lower,0.4876212956773618
t06_s05,Sprint 1,1,0.0,0.4013386468855219,25–50%,68.0,0.8889599425628837,t06,good teammate,higher,0.4876212956773618
t06_s05,Sprint 1,1,0.0,0.4013386468855219,25–50%,68.0,0.8889599425628837,t06,good teammate,higher,0.4876212956773618
t06_s05,Sprint 3,1,0.0,0.622707919973545,50–75%,46.0,0.7611044254658386,t06,good teammate,higher,0.13839650549229354
t06_s05,Sprint 3,1,0.0,0.622707919973545,50–75%,46.0,0.7611044254658386,t06,good teammate,higher,0.13839650549229354
t06_s05,Sprint 3,1,0.0,0.622707919973545,50–75%,46.0,0.7611044254658386,t06,good teammate,higher,0.13839650549229354
t06_s05,Sprint 3,1,0.0,0.622707919973545,50–75%,46.0,0.7611044254658386,t06,lone wolf,higher,0.13839650549229354
t06_s05,Sprint 3,1,0.0,0.622707919973545,50–75%,46.0,0.7611044254658386,t06,good teammate,higher,0.13839650549229354
t07_s01,Sprint 1,19,45.0,0.6457719602826512,50–75%,136.0,0.8139030915001734,t07,good teammate,higher,0.1681311312175222
t07_s01,Sprint 1,19,45.0,0.6457719602826512,50–75%,136.0,0.8139030915001734,t07,good teammate,higher,0.1681311312175222
t07_s01,Sprint 1,19,45.0,0.6457719602826512,50–75%,136.0,0.8139030915001734,t07,good teammate,higher,0.1681311312175222
t07_s01,Sprint 1,19,45.0,0.6457719602826512,50–75%,136.0,0.8139030915001734,t07,good teammate,higher,0.1681311312175222
t07_s01,Sprint 1,19,45.0,0.6457719602826512,50–75%,136.0,0.8139030915001734,t07,good teammate,higher,0.1681311312175222
t07_s01,Sprint 2,22,175.0,0.5179874562991812,50–75%,58.0,0.7921859814174086,t07,good teammate,higher,0.2741985251182274
t07_s01,Sprint 2,22,175.0,0.5179874562991812,50–75%,58.0,0.7921859814174086,t07,good teammate,higher,0.2741985251182274
t07_s01,Sprint 2,22,175.0,0.5179874562991812,50–75%,58.0,0.7921859814174086,t07,good teammate,higher,0.2741985251182274
t07_s01,Sprint 2,22,175.0,0.5179874562991812,50–75%,58.0,0.7921859814174086,t07,good teammate,higher,0.2741985251182274
t07_s01,Sprint 2,22,175.0,0.5179874562991812,50–75%,58.0,0.7921859814174086,t07,good teammate,higher,0.2741985251182274
t07_s01,Sprint 3,13,34.0,0.59668539504477,50–75%,42.0,0.8151227284895439,t07,good teammate,higher,0.2184373334447739
t07_s01,Sprint 3,13,34.0,0.59668539504477,50–75%,42.0,0.8151227284895439,t07,good teammate,higher,0.2184373334447739
t07_s01,Sprint 3,13,34.0,0.59668539504477,50–75%,42.0,0.8151227284895439,t07,good teammate,higher,0.2184373334447739
t07_s01,Sprint 3,13,34.0,0.59668539504477,50–75%,42.0,0.8151227284895439,t07,good teammate,higher,0.2184373334447739
t07_s01,Sprint 3,13,34.0,0.59668539504477,50–75%,42.0,0.8151227284895439,t07,good teammate,higher,0.2184373334447739
t07_s02,Sprint 1,15,61.0,0.728676452020202,50–75%,42.0,0.8297715059824435,t07,good teammate,higher,0.1010950539622415
t07_s02,Sprint 1,15,61.0,0.728676452020202,50–75%,42.0,0.8297715059824435,t07,couch potato,lower,0.1010950539622415
t07_s02,Sprint 1,15,61.0,0.728676452020202,50–75%,42.0,0.8297715059824435,t07,hitchhiker,lower,0.1010950539622415
t07_s02,Sprint 1,15,61.0,0.728676452020202,50–75%,42.0,0.8297715059824435,t07,good teammate,higher,0.1010950539622415
t07_s02,Sprint 1,15,61.0,0.728676452020202,50–75%,42.0,0.8297715059824435,t07,good teammate,higher,0.1010950539622415
t07_s02,Sprint 2,27,156.0,0.5607267178866202,50–75%,47.0,0.8237163680267376,t07,good teammate,higher,0.26298965014011744
t07_s02,Sprint 2,27,156.0,0.5607267178866202,50–75%,47.0,0.8237163680267376,t07,good teammate,higher,0.26298965014011744
t07_s02,Sprint 2,27,156.0,0.5607267178866202,50–75%,47.0,0.8237163680267376,t07,good teammate,higher,0.26298965014011744
t07_s02,Sprint 2,27,156.0,0.5607267178866202,50–75%,47.0,0.8237163680267376,t07,hitchhiker,lower,0.26298965014011744
t07_s02,Sprint 2,27,156.0,0.5607267178866202,50–75%,47.0,0.8237163680267376,t07,good teammate,higher,0.26298965014011744
t07_s02,Sprint 3,26,129.0,0.8413150405728531,75–100%,41.0,0.8732797175441993,t07,couch potato,lower,0.031964676971346195
t07_s02,Sprint 3,26,129.0,0.8413150405728531,75–100%,41.0,0.8732797175441993,t07,lone wolf,higher,0.031964676971346195
t07_s02,Sprint 3,26,129.0,0.8413150405728531,75–100%,41.0,0.8732797175441993,t07,good teammate,higher,0.031964676971346195
t07_s02,Sprint 3,26,129.0,0.8413150405728531,75–100%,41.0,0.8732797175441993,t07,hitchhiker,lower,0.031964676971346195
t07_s02,Sprint 3,26,129.0,0.8413150405728531,75–100%,41.0,0.8732797175441993,t07,good teammate,higher,0.031964676971346195
t07_s03,Sprint 1,21,49.0,0.5505314554272888,50–75%,74.0,0.7930173106344981,t07,good teammate,higher,0.24248585520720933
t07_s03,Sprint 1,21,49.0,0.5505314554272888,50–75%,74.0,0.7930173106344981,t07,good teammate,higher,0.24248585520720933
t07_s03,Sprint 1,21,49.0,0.5505314554272888,50–75%,74.0,0.7930173106344981,t07,good teammate,higher,0.24248585520720933
t07_s03,Sprint 1,21,49.0,0.5505314554272888,50–75%,74.0,0.7930173106344981,t07,good teammate,higher,0.24248585520720933
t07_s03,Sprint 1,21,49.0,0.5505314554272888,50–75%,74.0,0.7930173106344981,t07,good teammate,higher,0.24248585520720933
t07_s03,Sprint 2,11,98.0,0.3825799710748978,25–50%,56.0,0.7846030627583616,t07,good teammate,higher,0.4020230916834638
t07_s03,Sprint 2,11,98.0,0.3825799710748978,25–50%,56.0,0.7846030627583616,t07,good teammate,higher,0.4020230916834638
t07_s03,Sprint 2,11,98.0,0.3825799710748978,25–50%,56.0,0.7846030627583616,t07,good teammate,higher,0.4020230916834638
t07_s03,Sprint 2,11,98.0,0.3825799710748978,25–50%,56.0,0.7846030627583616,t07,good teammate,higher,0.4020230916834638
t07_s03,Sprint 2,11,98.0,0.3825799710748978,25–50%,56.0,0.7846030627583616,t07,good teammate,higher,0.4020230916834638
t07_s03,Sprint 3,13,16.0,0.7241857766076516,50–75%,70.0,0.7553642880763416,t07,good teammate,higher,0.031178511468689996
t07_s03,Sprint 3,13,16.0,0.7241857766076516,50–75%,70.0,0.7553642880763416,t07,good teammate,higher,0.031178511468689996
t07_s03,Sprint 3,13,16.0,0.7241857766076516,50–75%,70.0,0.7553642880763416,t07,good teammate,higher,0.031178511468689996
t07_s03,Sprint 3,13,16.0,0.7241857766076516,50–75%,70.0,0.7553642880763416,t07,good teammate,higher,0.031178511468689996
t07_s03,Sprint 3,13,16.0,0.7241857766076516,50–75%,70.0,0.7553642880763416,t07,good teammate,higher,0.031178511468689996
t07_s04,Sprint 1,38,88.0,0.5369995043638136,50–75%,33.0,0.7364774959187838,t07,good teammate,higher,0.19947799155497015
t07_s04,Sprint 1,38,88.0,0.5369995043638136,50–75%,33.0,0.7364774959187838,t07,couch potato,lower,0.19947799155497015
t07_s04,Sprint 1,38,88.0,0.5369995043638136,50–75%,33.0,0.7364774959187838,t07,hitchhiker,lower,0.19947799155497015
t07_s04,Sprint 1,38,88.0,0.5369995043638136,50–75%,33.0,0.7364774959187838,t07,good teammate,higher,0.19947799155497015
t07_s04,Sprint 1,38,88.0,0.5369995043638136,50–75%,33.0,0.7364774959187838,t07,good teammate,higher,0.19947799155497015
t07_s04,Sprint 2,28,178.0,0.5836934512625043,50–75%,47.0,0.7992825845346894,t07,good teammate,higher,0.2155891332721851
t07_s04,Sprint 2,28,178.0,0.5836934512625043,50–75%,47.0,0.7992825845346894,t07,good teammate,higher,0.2155891332721851
t07_s04,Sprint 2,28,178.0,0.5836934512625043,50–75%,47.0,0.7992825845346894,t07,couch potato,lower,0.2155891332721851
t07_s04,Sprint 2,28,178.0,0.5836934512625043,50–75%,47.0,0.7992825845346894,t07,good teammate,higher,0.2155891332721851
t07_s04,Sprint 2,28,178.0,0.5836934512625043,50–75%,47.0,0.7992825845346894,t07,good teammate,higher,0.2155891332721851
t07_s04,Sprint 3,24,34.0,0.678455997850529,50–75%,52.0,0.8544176555504681,t07,good teammate,higher,0.1759616576999391
t07_s04,Sprint 3,24,34.0,0.678455997850529,50–75%,52.0,0.8544176555504681,t07,lone wolf,higher,0.1759616576999391
t07_s04,Sprint 3,24,34.0,0.678455997850529,50–75%,52.0,0.8544176555504681,t07,good teammate,higher,0.1759616576999391
t07_s04,Sprint 3,24,34.0,0.678455997850529,50–75%,52.0,0.8544176555504681,t07,good teammate,higher,0.1759616576999391
t07_s04,Sprint 3,24,34.0,0.678455997850529,50–75%,52.0,0.8544176555504681,t07,good teammate,higher,0.1759616576999391
t07_s05,Sprint 1,19,59.0,0.6833306613281942,50–75%,100.0,0.7656030750210437,t07,good teammate,higher,0.08227241369284954
t07_s05,Sprint 1,19,59.0,0.6833306613281942,50–75%,100.0,0.7656030750210437,t07,good teammate,higher,0.08227241369284954
t07_s05,Sprint 1,19,59.0,0.6833306613281942,50–75%,100.0,0.7656030750210437,t07,lone wolf,higher,0.08227241369284954
t07_s05,Sprint 1,19,59.0,0.6833306613281942,50–75%,100.0,0.7656030750210437,t07,good teammate,higher,0.08227241369284954
t07_s05,Sprint 1,19,59.0,0.6833306613281942,50–75%,100.0,0.7656030750210437,t07,good teammate,higher,0.08227241369284954
t07_s05,Sprint 2,13,31.0,0.8178825436745392,75–100%,68.0,0.8074051016498295,t07,good teammate,higher,-0.010477442024709682
t07_s05,Sprint 2,13,31.0,0.8178825436745392,75–100%,68.0,0.8074051016498295,t07,good teammate,higher,-0.010477442024709682
t07_s05,Sprint 2,13,31.0,0.8178825436745392,75–100%,68.0,0.8074051016498295,t07,lone wolf,higher,-0.010477442024709682
t07_s05,Sprint 2,13,31.0,0.8178825436745392,75–100%,68.0,0.8074051016498295,t07,lone wolf,higher,-0.010477442024709682
t07_s05,Sprint 2,13,31.0,0.8178825436745392,75–100%,68.0,0.8074051016498295,t07,good teammate,higher,-0.010477442024709682
t07_s05,Sprint 3,16,86.0,0.7588213303984789,75–100%,63.0,0.8512211501112791,t07,good teammate,higher,0.0923998197128002
t07_s05,Sprint 3,16,86.0,0.7588213303984789,75–100%,63.0,0.8512211501112791,t07,lone wolf,higher,0.0923998197128002
t07_s05,Sprint 3,16,86.0,0.7588213303984789,75–100%,63.0,0.8512211501112791,t07,good teammate,higher,0.0923998197128002
t07_s05,Sprint 3,16,86.0,0.7588213303984789,75–100%,63.0,0.8512211501112791,t07,good teammate,higher,0.0923998197128002
t07_s05,Sprint 3,16,86.0,0.7588213303984789,75–100%,63.0,0.8512211501112791,t07,good teammate,higher,0.0923998197128002
t08_s01,Sprint 1,180,21467.0,0.9421383277216611,75–100%,128.0,0.872948261094013,t08,lone wolf,higher,-0.06919006662764804
t08_s01,Sprint 1,180,21467.0,0.9421383277216611,75–100%,128.0,0.872948261094013,t08,good teammate,higher,-0.06919006662764804
t08_s01,Sprint 1,180,21467.0,0.9421383277216611,75–100%,128.0,0.872948261094013,t08,good teammate,higher,-0.06919006662764804
t08_s01,Sprint 1,180,21467.0,0.9421383277216611,75–100%,128.0,0.872948261094013,t08,good teammate,higher,-0.06919006662764804
t08_s01,Sprint 1,180,21467.0,0.9421383277216611,75–100%,128.0,0.872948261094013,t08,good teammate,higher,-0.06919006662764804
t08_s01,Sprint 2,110,21079.0,0.6754265114504686,50–75%,49.0,0.7678504641240186,t08,good teammate,higher,0.09242395267354997
t08_s01,Sprint 2,110,21079.0,0.6754265114504686,50–75%,49.0,0.7678504641240186,t08,good teammate,higher,0.09242395267354997
t08_s01,Sprint 2,110,21079.0,0.6754265114504686,50–75%,49.0,0.7678504641240186,t08,good teammate,higher,0.09242395267354997
t08_s01,Sprint 2,110,21079.0,0.6754265114504686,50–75%,49.0,0.7678504641240186,t08,good teammate,higher,0.09242395267354997
t08_s01,Sprint 3,16,209.0,0.4392956349206349,25–50%,24.0,0.7601989466214727,t08,good teammate,higher,0.3209033117008378
t08_s01,Sprint 3,16,209.0,0.4392956349206349,25–50%,24.0,0.7601989466214727,t08,good teammate,higher,0.3209033117008378
t08_s01,Sprint 3,16,209.0,0.4392956349206349,25–50%,24.0,0.7601989466214727,t08,good teammate,higher,0.3209033117008378
t08_s01,Sprint 3,16,209.0,0.4392956349206349,25–50%,24.0,0.7601989466214727,t08,good teammate,higher,0.3209033117008378
t08_s01,Sprint 3,16,209.0,0.4392956349206349,25–50%,24.0,0.7601989466214727,t08,good teammate,higher,0.3209033117008378
t08_s02,Sprint 1,179,20321.0,0.8805485477472701,75–100%,174.0,0.8405521767604204,t08,good teammate,higher,-0.039996370986849716
t08_s02,Sprint 1,179,20321.0,0.8805485477472701,75–100%,174.0,0.8405521767604204,t08,good teammate,higher,-0.039996370986849716
t08_s02,Sprint 1,179,20321.0,0.8805485477472701,75–100%,174.0,0.8405521767604204,t08,good teammate,higher,-0.039996370986849716
t08_s02,Sprint 1,179,20321.0,0.8805485477472701,75–100%,174.0,0.8405521767604204,t08,good teammate,higher,-0.039996370986849716
t08_s02,Sprint 1,179,20321.0,0.8805485477472701,75–100%,174.0,0.8405521767604204,t08,good teammate,higher,-0.039996370986849716
t08_s02,Sprint 2,129,27000.0,0.6499024754526446,50–75%,42.0,0.7803760595431959,t08,good teammate,higher,0.13047358409055132
t08_s02,Sprint 2,129,27000.0,0.6499024754526446,50–75%,42.0,0.7803760595431959,t08,good teammate,higher,0.13047358409055132
t08_s02,Sprint 2,129,27000.0,0.6499024754526446,50–75%,42.0,0.7803760595431959,t08,good teammate,higher,0.13047358409055132
t08_s02,Sprint 2,129,27000.0,0.6499024754526446,50–75%,42.0,0.7803760595431959,t08,good teammate,higher,0.13047358409055132
t08_s02,Sprint 3,15,152.0,0.4973989473104056,25–50%,28.0,0.7058300855064248,t08,good teammate,higher,0.20843113819601916
t08_s02,Sprint 3,15,152.0,0.4973989473104056,25–50%,28.0,0.7058300855064248,t08,good teammate,higher,0.20843113819601916
t08_s02,Sprint 3,15,152.0,0.4973989473104056,25–50%,28.0,0.7058300855064248,t08,good teammate,higher,0.20843113819601916
t08_s02,Sprint 3,15,152.0,0.4973989473104056,25–50%,28.0,0.7058300855064248,t08,good teammate,higher,0.20843113819601916
t08_s02,Sprint 3,15,152.0,0.4973989473104056,25–50%,28.0,0.7058300855064248,t08,good teammate,higher,0.20843113819601916
t08_s03,Sprint 1,415,40319.0,0.8610442616425297,75–100%,352.0,0.8395258784578743,t08,lone wolf,higher,-0.021518383184655376
t08_s03,Sprint 1,415,40319.0,0.8610442616425297,75–100%,352.0,0.8395258784578743,t08,good teammate,higher,-0.021518383184655376
t08_s03,Sprint 1,415,40319.0,0.8610442616425297,75–100%,352.0,0.8395258784578743,t08,good teammate,higher,-0.021518383184655376
t08_s03,Sprint 1,415,40319.0,0.8610442616425297,75–100%,352.0,0.8395258784578743,t08,good teammate,higher,-0.021518383184655376
t08_s03,Sprint 1,415,40319.0,0.8610442616425297,75–100%,352.0,0.8395258784578743,t08,good teammate,higher,-0.021518383184655376
t08_s03,Sprint 2,503,105155.0,0.6902300103923621,50–75%,165.0,0.7162339365090211,t08,good teammate,higher,0.026003926116659026
t08_s03,Sprint 2,503,105155.0,0.6902300103923621,50–75%,165.0,0.7162339365090211,t08,good teammate,higher,0.026003926116659026
t08_s03,Sprint 2,503,105155.0,0.6902300103923621,50–75%,165.0,0.7162339365090211,t08,good teammate,higher,0.026003926116659026
t08_s03,Sprint 2,503,105155.0,0.6902300103923621,50–75%,165.0,0.7162339365090211,t08,good teammate,higher,0.026003926116659026
t08_s03,Sprint 3,53,1965.0,0.3443436548492563,25–50%,78.0,0.7113112726393976,t08,good teammate,higher,0.36696761779014136
t08_s03,Sprint 3,53,1965.0,0.3443436548492563,25–50%,78.0,0.7113112726393976,t08,good teammate,higher,0.36696761779014136
t08_s03,Sprint 3,53,1965.0,0.3443436548492563,25–50%,78.0,0.7113112726393976,t08,good teammate,higher,0.36696761779014136
t08_s03,Sprint 3,53,1965.0,0.3443436548492563,25–50%,78.0,0.7113112726393976,t08,good teammate,higher,0.36696761779014136
t08_s03,Sprint 3,53,1965.0,0.3443436548492563,25–50%,78.0,0.7113112726393976,t08,good teammate,higher,0.36696761779014136
t08_s04,Sprint 1,64,5217.0,0.8605382725365636,75–100%,59.0,0.8549702845902528,t08,good teammate,higher,-0.0055679879463107484
t08_s04,Sprint 1,64,5217.0,0.8605382725365636,75–100%,59.0,0.8549702845902528,t08,couch potato,lower,-0.0055679879463107484
t08_s04,Sprint 1,64,5217.0,0.8605382725365636,75–100%,59.0,0.8549702845902528,t08,good teammate,higher,-0.0055679879463107484
t08_s04,Sprint 1,64,5217.0,0.8605382725365636,75–100%,59.0,0.8549702845902528,t08,couch potato,lower,-0.0055679879463107484
t08_s04,Sprint 1,64,5217.0,0.8605382725365636,75–100%,59.0,0.8549702845902528,t08,hitchhiker,lower,-0.0055679879463107484
t08_s04,Sprint 2,268,65856.0,0.7362029784373885,50–75%,64.0,0.7535175724978078,t08,good teammate,higher,0.017314594060419353
t08_s04,Sprint 2,268,65856.0,0.7362029784373885,50–75%,64.0,0.7535175724978078,t08,good teammate,higher,0.017314594060419353
t08_s04,Sprint 2,268,65856.0,0.7362029784373885,50–75%,64.0,0.7535175724978078,t08,good teammate,higher,0.017314594060419353
t08_s04,Sprint 2,268,65856.0,0.7362029784373885,50–75%,64.0,0.7535175724978078,t08,good teammate,higher,0.017314594060419353
t08_s04,Sprint 3,12,394.0,0.3091550581459436,25–50%,14.0,0.7166888699924414,t08,good teammate,higher,0.40753381184649784
t08_s04,Sprint 3,12,394.0,0.3091550581459436,25–50%,14.0,0.7166888699924414,t08,good teammate,higher,0.40753381184649784
t08_s04,Sprint 3,12,394.0,0.3091550581459436,25–50%,14.0,0.7166888699924414,t08,good teammate,higher,0.40753381184649784
t08_s04,Sprint 3,12,394.0,0.3091550581459436,25–50%,14.0,0.7166888699924414,t08,good teammate,higher,0.40753381184649784
t08_s04,Sprint 3,12,394.0,0.3091550581459436,25–50%,14.0,0.7166888699924414,t08,good teammate,higher,0.40753381184649784
t08_s05,Sprint 3,14,190.0,0.36943186649659865,25–50%,83.0,0.6741198474453369,t08,good teammate,higher,0.3046879809487383
t08_s05,Sprint 3,14,190.0,0.36943186649659865,25–50%,83.0,0.6741198474453369,t08,good teammate,higher,0.3046879809487383
t08_s05,Sprint 3,14,190.0,0.36943186649659865,25–50%,83.0,0.6741198474453369,t08,good teammate,higher,0.3046879809487383
t08_s05,Sprint 3,14,190.0,0.36943186649659865,25–50%,83.0,0.6741198474453369,t08,good teammate,higher,0.3046879809487383
t08_s05,Sprint 3,14,190.0,0.36943186649659865,25–50%,83.0,0.6741198474453369,t08,good teammate,higher,0.3046879809487383
t08_s06,Sprint 1,44,488.0,0.6239669495884773,50–75%,,,t08,good teammate,higher,
t08_s06,Sprint 1,44,488.0,0.6239669495884773,50–75%,,,t08,hitchhiker,lower,
t08_s06,Sprint 1,44,488.0,0.6239669495884773,50–75%,,,t08,good teammate,higher,
t08_s06,Sprint 1,44,488.0,0.6239669495884773,50–75%,,,t08,couch potato,lower,
t08_s06,Sprint 2,3,18.0,0.35137751054323774,25–50%,,,,,,
t09_s01,Sprint 1,201,1985.0,0.7815527293038176,75–100%,197.0,0.7996135463667983,t09,good teammate,higher,0.018060817062980683
t09_s01,Sprint 1,201,1985.0,0.7815527293038176,75–100%,197.0,0.7996135463667983,t09,good teammate,higher,0.018060817062980683
t09_s01,Sprint 1,201,1985.0,0.7815527293038176,75–100%,197.0,0.7996135463667983,t09,good teammate,higher,0.018060817062980683
t09_s01,Sprint 1,201,1985.0,0.7815527293038176,75–100%,197.0,0.7996135463667983,t09,good teammate,higher,0.018060817062980683
t09_s01,Sprint 1,201,1985.0,0.7815527293038176,75–100%,197.0,0.7996135463667983,t09,good teammate,higher,0.018060817062980683
t09_s01,Sprint 1,201,1985.0,0.7815527293038176,75–100%,197.0,0.7996135463667983,t09,good teammate,higher,0.018060817062980683
t09_s01,Sprint 2,274,3891.0,0.5734200253092566,50–75%,106.0,0.6307700295911831,t09,good teammate,higher,0.05735000428192649
t09_s01,Sprint 2,274,3891.0,0.5734200253092566,50–75%,106.0,0.6307700295911831,t09,good teammate,higher,0.05735000428192649
t09_s01,Sprint 2,274,3891.0,0.5734200253092566,50–75%,106.0,0.6307700295911831,t09,good teammate,higher,0.05735000428192649
t09_s01,Sprint 2,274,3891.0,0.5734200253092566,50–75%,106.0,0.6307700295911831,t09,good teammate,higher,0.05735000428192649
t09_s01,Sprint 2,274,3891.0,0.5734200253092566,50–75%,106.0,0.6307700295911831,t09,good teammate,higher,0.05735000428192649
t09_s01,Sprint 2,274,3891.0,0.5734200253092566,50–75%,106.0,0.6307700295911831,t09,good teammate,higher,0.05735000428192649
t09_s01,Sprint 2,274,3891.0,0.5734200253092566,50–75%,106.0,0.6307700295911831,t09,good teammate,higher,0.05735000428192649
t09_s01,Sprint 3,237,4862.0,0.6779530475604447,50–75%,112.0,0.7012431094399565,t09,good teammate,higher,0.02329006187951177
t09_s01,Sprint 3,237,4862.0,0.6779530475604447,50–75%,112.0,0.7012431094399565,t09,good teammate,higher,0.02329006187951177
t09_s01,Sprint 3,237,4862.0,0.6779530475604447,50–75%,112.0,0.7012431094399565,t09,good teammate,higher,0.02329006187951177
t09_s01,Sprint 3,237,4862.0,0.6779530475604447,50–75%,112.0,0.7012431094399565,t09,good teammate,higher,0.02329006187951177
t09_s01,Sprint 3,237,4862.0,0.6779530475604447,50–75%,112.0,0.7012431094399565,t09,good teammate,higher,0.02329006187951177
t09_s02,Sprint 1,96,412.0,0.5576900625175365,50–75%,36.0,0.8268321963851478,t09,couch potato,lower,0.2691421338676113
t09_s02,Sprint 1,96,412.0,0.5576900625175365,50–75%,36.0,0.8268321963851478,t09,good teammate,higher,0.2691421338676113
t09_s02,Sprint 1,96,412.0,0.5576900625175365,50–75%,36.0,0.8268321963851478,t09,hitchhiker,lower,0.2691421338676113
t09_s02,Sprint 1,96,412.0,0.5576900625175365,50–75%,36.0,0.8268321963851478,t09,good teammate,higher,0.2691421338676113
t09_s02,Sprint 1,96,412.0,0.5576900625175365,50–75%,36.0,0.8268321963851478,t09,hitchhiker,lower,0.2691421338676113
t09_s02,Sprint 1,96,412.0,0.5576900625175365,50–75%,36.0,0.8268321963851478,t09,couch potato,lower,0.2691421338676113
t09_s02,Sprint 2,158,2270.0,0.6177017023516745,50–75%,23.0,0.8757057388254389,t09,couch potato,lower,0.25800403647376435
t09_s02,Sprint 2,158,2270.0,0.6177017023516745,50–75%,23.0,0.8757057388254389,t09,hitchhiker,lower,0.25800403647376435
t09_s02,Sprint 2,158,2270.0,0.6177017023516745,50–75%,23.0,0.8757057388254389,t09,good teammate,higher,0.25800403647376435
t09_s02,Sprint 2,158,2270.0,0.6177017023516745,50–75%,23.0,0.8757057388254389,t09,couch potato,lower,0.25800403647376435
t09_s02,Sprint 2,158,2270.0,0.6177017023516745,50–75%,23.0,0.8757057388254389,t09,good teammate,higher,0.25800403647376435
t09_s02,Sprint 2,158,2270.0,0.6177017023516745,50–75%,23.0,0.8757057388254389,t09,couch potato,lower,0.25800403647376435
t09_s02,Sprint 2,158,2270.0,0.6177017023516745,50–75%,23.0,0.8757057388254389,t09,couch potato,lower,0.25800403647376435
t09_s02,Sprint 3,166,3992.0,0.5658734142920889,50–75%,21.0,0.8110180461073317,t09,couch potato,lower,0.24514463181524282
t09_s02,Sprint 3,166,3992.0,0.5658734142920889,50–75%,21.0,0.8110180461073317,t09,good teammate,higher,0.24514463181524282
t09_s02,Sprint 3,166,3992.0,0.5658734142920889,50–75%,21.0,0.8110180461073317,t09,good teammate,higher,0.24514463181524282
t09_s02,Sprint 3,166,3992.0,0.5658734142920889,50–75%,21.0,0.8110180461073317,t09,hitchhiker,lower,0.24514463181524282
t09_s02,Sprint 3,166,3992.0,0.5658734142920889,50–75%,21.0,0.8110180461073317,t09,good teammate,higher,0.24514463181524282
t09_s03,Sprint 1,138,1117.0,0.7068911659621578,50–75%,168.0,0.6695738777281746,t09,good teammate,higher,-0.03731728823398328
t09_s03,Sprint 1,138,1117.0,0.7068911659621578,50–75%,168.0,0.6695738777281746,t09,good teammate,higher,-0.03731728823398328
t09_s03,Sprint 1,138,1117.0,0.7068911659621578,50–75%,168.0,0.6695738777281746,t09,good teammate,higher,-0.03731728823398328
t09_s03,Sprint 1,138,1117.0,0.7068911659621578,50–75%,168.0,0.6695738777281746,t09,good teammate,higher,-0.03731728823398328
t09_s03,Sprint 1,138,1117.0,0.7068911659621578,50–75%,168.0,0.6695738777281746,t09,good teammate,higher,-0.03731728823398328
t09_s03,Sprint 2,77,603.0,0.6973993356011394,50–75%,37.0,0.8042392110261333,t09,good teammate,higher,0.10683987542499385
t09_s03,Sprint 2,77,603.0,0.6973993356011394,50–75%,37.0,0.8042392110261333,t09,good teammate,higher,0.10683987542499385
t09_s03,Sprint 2,77,603.0,0.6973993356011394,50–75%,37.0,0.8042392110261333,t09,couch potato,lower,0.10683987542499385
t09_s03,Sprint 2,77,603.0,0.6973993356011394,50–75%,37.0,0.8042392110261333,t09,good teammate,higher,0.10683987542499385
t09_s03,Sprint 2,77,603.0,0.6973993356011394,50–75%,37.0,0.8042392110261333,t09,good teammate,higher,0.10683987542499385
t09_s03,Sprint 2,77,603.0,0.6973993356011394,50–75%,37.0,0.8042392110261333,t09,good teammate,higher,0.10683987542499385
t09_s03,Sprint 3,59,797.0,0.66292350461842,50–75%,59.0,0.6338978146578782,t09,good teammate,higher,-0.02902568996054178
t09_s03,Sprint 3,59,797.0,0.66292350461842,50–75%,59.0,0.6338978146578782,t09,good teammate,higher,-0.02902568996054178
t09_s03,Sprint 3,59,797.0,0.66292350461842,50–75%,59.0,0.6338978146578782,t09,good teammate,higher,-0.02902568996054178
t09_s03,Sprint 3,59,797.0,0.66292350461842,50–75%,59.0,0.6338978146578782,t09,good teammate,higher,-0.02902568996054178
t09_s03,Sprint 3,59,797.0,0.66292350461842,50–75%,59.0,0.6338978146578782,t09,good teammate,higher,-0.02902568996054178
t09_s04,Sprint 1,386,2622.0,0.7345111807300118,50–75%,259.0,0.8373885421541672,t09,good teammate,higher,0.10287736142415549
t09_s04,Sprint 1,386,2622.0,0.7345111807300118,50–75%,259.0,0.8373885421541672,t09,good teammate,higher,0.10287736142415549
t09_s04,Sprint 1,386,2622.0,0.7345111807300118,50–75%,259.0,0.8373885421541672,t09,good teammate,higher,0.10287736142415549
t09_s04,Sprint 1,386,2622.0,0.7345111807300118,50–75%,259.0,0.8373885421541672,t09,good teammate,higher,0.10287736142415549
t09_s04,Sprint 1,386,2622.0,0.7345111807300118,50–75%,259.0,0.8373885421541672,t09,good teammate,higher,0.10287736142415549
t09_s04,Sprint 1,386,2622.0,0.7345111807300118,50–75%,259.0,0.8373885421541672,t09,good teammate,higher,0.10287736142415549
t09_s04,Sprint 2,214,3164.0,0.41248989968168337,25–50%,142.0,0.6640304771759707,t09,good teammate,higher,0.2515405774942874
t09_s04,Sprint 2,214,3164.0,0.41248989968168337,25–50%,142.0,0.6640304771759707,t09,good teammate,higher,0.2515405774942874
t09_s04,Sprint 2,214,3164.0,0.41248989968168337,25–50%,142.0,0.6640304771759707,t09,good teammate,higher,0.2515405774942874
t09_s04,Sprint 2,214,3164.0,0.41248989968168337,25–50%,142.0,0.6640304771759707,t09,good teammate,higher,0.2515405774942874
t09_s04,Sprint 2,214,3164.0,0.41248989968168337,25–50%,142.0,0.6640304771759707,t09,good teammate,higher,0.2515405774942874
t09_s04,Sprint 2,214,3164.0,0.41248989968168337,25–50%,142.0,0.6640304771759707,t09,good teammate,higher,0.2515405774942874
t09_s04,Sprint 2,214,3164.0,0.41248989968168337,25–50%,142.0,0.6640304771759707,t09,good teammate,higher,0.2515405774942874
t09_s04,Sprint 3,270,5434.0,0.6156253895692969,50–75%,189.0,0.7161775658051286,t09,good teammate,higher,0.10055217623583168
t09_s04,Sprint 3,270,5434.0,0.6156253895692969,50–75%,189.0,0.7161775658051286,t09,good teammate,higher,0.10055217623583168
t09_s04,Sprint 3,270,5434.0,0.6156253895692969,50–75%,189.0,0.7161775658051286,t09,good teammate,higher,0.10055217623583168
t09_s04,Sprint 3,270,5434.0,0.6156253895692969,50–75%,189.0,0.7161775658051286,t09,good teammate,higher,0.10055217623583168
t09_s04,Sprint 3,270,5434.0,0.6156253895692969,50–75%,189.0,0.7161775658051286,t09,good teammate,higher,0.10055217623583168
t09_s06,Sprint 1,106,600.0,0.7020797400101646,50–75%,113.0,0.7651358743221298,t09,good teammate,higher,0.06305613431196522
t09_s06,Sprint 1,106,600.0,0.7020797400101646,50–75%,113.0,0.7651358743221298,t09,good teammate,higher,0.06305613431196522
t09_s06,Sprint 1,106,600.0,0.7020797400101646,50–75%,113.0,0.7651358743221298,t09,good teammate,higher,0.06305613431196522
t09_s06,Sprint 1,106,600.0,0.7020797400101646,50–75%,113.0,0.7651358743221298,t09,good teammate,higher,0.06305613431196522
t09_s06,Sprint 1,106,600.0,0.7020797400101646,50–75%,113.0,0.7651358743221298,t09,good teammate,higher,0.06305613431196522
t09_s06,Sprint 1,106,600.0,0.7020797400101646,50–75%,113.0,0.7651358743221298,t09,good teammate,higher,0.06305613431196522
t09_s06,Sprint 2,70,662.0,0.6557939013260321,50–75%,43.0,0.8185667290084453,t09,good teammate,higher,0.1627728276824132
t09_s06,Sprint 2,70,662.0,0.6557939013260321,50–75%,43.0,0.8185667290084453,t09,hitchhiker,lower,0.1627728276824132
t09_s06,Sprint 2,70,662.0,0.6557939013260321,50–75%,43.0,0.8185667290084453,t09,good teammate,higher,0.1627728276824132
t09_s06,Sprint 2,70,662.0,0.6557939013260321,50–75%,43.0,0.8185667290084453,t09,good teammate,higher,0.1627728276824132
t09_s06,Sprint 2,70,662.0,0.6557939013260321,50–75%,43.0,0.8185667290084453,t09,good teammate,higher,0.1627728276824132
t09_s06,Sprint 2,70,662.0,0.6557939013260321,50–75%,43.0,0.8185667290084453,t09,good teammate,higher,0.1627728276824132
t09_s06,Sprint 2,70,662.0,0.6557939013260321,50–75%,43.0,0.8185667290084453,t09,good teammate,higher,0.1627728276824132
t09_s06,Sprint 3,91,1893.0,0.7103799630132851,50–75%,42.0,0.6809003173028471,t09,good teammate,higher,-0.02947964571043804
t09_s06,Sprint 3,91,1893.0,0.7103799630132851,50–75%,42.0,0.6809003173028471,t09,good teammate,higher,-0.02947964571043804
t09_s06,Sprint 3,91,1893.0,0.7103799630132851,50–75%,42.0,0.6809003173028471,t09,good teammate,higher,-0.02947964571043804
t09_s06,Sprint 3,91,1893.0,0.7103799630132851,50–75%,42.0,0.6809003173028471,t09,good teammate,higher,-0.02947964571043804
t09_s06,Sprint 3,91,1893.0,0.7103799630132851,50–75%,42.0,0.6809003173028471,t09,good teammate,higher,-0.02947964571043804
t09_s07,Sprint 1,179,1443.0,0.6593927505384384,50–75%,,,t09,hitchhiker,lower,
t09_s07,Sprint 1,179,1443.0,0.6593927505384384,50–75%,,,t09,good teammate,higher,
t09_s07,Sprint 1,179,1443.0,0.6593927505384384,50–75%,,,t09,hitchhiker,lower,
t09_s07,Sprint 1,179,1443.0,0.6593927505384384,50–75%,,,t09,good teammate,higher,
t09_s07,Sprint 1,179,1443.0,0.6593927505384384,50–75%,,,t09,hitchhiker,lower,
t09_s07,Sprint 1,179,1443.0,0.6593927505384384,50–75%,,,t09,couch potato,lower,
t09_s07,Sprint 2,8,6.0,0.3124362316798196,25–50%,,,t09,hitchhiker,lower,
t09_s07,Sprint 2,8,6.0,0.3124362316798196,25–50%,,,t09,good teammate,higher,
t09_s07,Sprint 2,8,6.0,0.3124362316798196,25–50%,,,t09,hitchhiker,lower,
t09_s07,Sprint 2,8,6.0,0.3124362316798196,25–50%,,,t09,couch potato,lower,
t09_s07,Sprint 2,8,6.0,0.3124362316798196,25–50%,,,t09,couch potato,lower,
t09_s07,Sprint 2,8,6.0,0.3124362316798196,25–50%,,,t09,couch potato,lower,
t09_s07,Sprint 2,8,6.0,0.3124362316798196,25–50%,,,t09,couch potato,lower,
t10_s01,Sprint 1,25,62.0,0.7291192024410775,50–75%,99.0,0.9244140160017685,t10,good teammate,higher,0.195294813560691
t10_s01,Sprint 1,25,62.0,0.7291192024410775,50–75%,99.0,0.9244140160017685,t10,good teammate,higher,0.195294813560691
t10_s01,Sprint 1,25,62.0,0.7291192024410775,50–75%,99.0,0.9244140160017685,t10,good teammate,higher,0.195294813560691
t10_s01,Sprint 1,25,62.0,0.7291192024410775,50–75%,99.0,0.9244140160017685,t10,good teammate,higher,0.195294813560691
t10_s01,Sprint 1,25,62.0,0.7291192024410775,50–75%,99.0,0.9244140160017685,t10,good teammate,higher,0.195294813560691
t10_s01,Sprint 2,12,40.0,0.6598130402104472,50–75%,61.0,0.8708568977519853,t10,good teammate,higher,0.2110438575415381
t10_s01,Sprint 2,12,40.0,0.6598130402104472,50–75%,61.0,0.8708568977519853,t10,good teammate,higher,0.2110438575415381
t10_s01,Sprint 2,12,40.0,0.6598130402104472,50–75%,61.0,0.8708568977519853,t10,good teammate,higher,0.2110438575415381
t10_s01,Sprint 2,12,40.0,0.6598130402104472,50–75%,61.0,0.8708568977519853,t10,good teammate,higher,0.2110438575415381
t10_s01,Sprint 2,12,40.0,0.6598130402104472,50–75%,61.0,0.8708568977519853,t10,good teammate,higher,0.2110438575415381
t10_s01,Sprint 3,10,0.0,0.5893024966931217,50–75%,39.0,0.9587177791344459,t10,good teammate,higher,0.36941528244132416
t10_s01,Sprint 3,10,0.0,0.5893024966931217,50–75%,39.0,0.9587177791344459,t10,good teammate,higher,0.36941528244132416
t10_s01,Sprint 3,10,0.0,0.5893024966931217,50–75%,39.0,0.9587177791344459,t10,good teammate,higher,0.36941528244132416
t10_s01,Sprint 3,10,0.0,0.5893024966931217,50–75%,39.0,0.9587177791344459,t10,good teammate,higher,0.36941528244132416
t10_s02,Sprint 1,41,178.0,0.794364965714051,75–100%,103.0,0.9003924024835737,t10,good teammate,higher,0.10602743676952264
t10_s02,Sprint 1,41,178.0,0.794364965714051,75–100%,103.0,0.9003924024835737,t10,good teammate,higher,0.10602743676952264
t10_s02,Sprint 1,41,178.0,0.794364965714051,75–100%,103.0,0.9003924024835737,t10,good teammate,higher,0.10602743676952264
t10_s02,Sprint 1,41,178.0,0.794364965714051,75–100%,103.0,0.9003924024835737,t10,good teammate,higher,0.10602743676952264
t10_s02,Sprint 1,41,178.0,0.794364965714051,75–100%,103.0,0.9003924024835737,t10,good teammate,higher,0.10602743676952264
t10_s02,Sprint 2,37,125.0,0.6061763426335016,50–75%,64.0,0.8760773234921082,t10,good teammate,higher,0.2699009808586066
t10_s02,Sprint 2,37,125.0,0.6061763426335016,50–75%,64.0,0.8760773234921082,t10,couch potato,lower,0.2699009808586066
t10_s02,Sprint 2,37,125.0,0.6061763426335016,50–75%,64.0,0.8760773234921082,t10,good teammate,higher,0.2699009808586066
t10_s02,Sprint 2,37,125.0,0.6061763426335016,50–75%,64.0,0.8760773234921082,t10,good teammate,higher,0.2699009808586066
t10_s02,Sprint 2,37,125.0,0.6061763426335016,50–75%,64.0,0.8760773234921082,t10,good teammate,higher,0.2699009808586066
t10_s02,Sprint 3,18,18.0,0.7687314906672545,75–100%,32.0,0.8859224769551918,t10,good teammate,higher,0.11719098628793723
t10_s02,Sprint 3,18,18.0,0.7687314906672545,75–100%,32.0,0.8859224769551918,t10,good teammate,higher,0.11719098628793723
t10_s02,Sprint 3,18,18.0,0.7687314906672545,75–100%,32.0,0.8859224769551918,t10,good teammate,higher,0.11719098628793723
t10_s02,Sprint 3,18,18.0,0.7687314906672545,75–100%,32.0,0.8859224769551918,t10,good teammate,higher,0.11719098628793723
t10_s03,Sprint 1,14,47.0,0.8615868130711881,75–100%,38.0,0.9402020963472445,t10,good teammate,higher,0.07861528327605638
t10_s03,Sprint 1,14,47.0,0.8615868130711881,75–100%,38.0,0.9402020963472445,t10,good teammate,higher,0.07861528327605638
t10_s03,Sprint 1,14,47.0,0.8615868130711881,75–100%,38.0,0.9402020963472445,t10,hitchhiker,lower,0.07861528327605638
t10_s03,Sprint 1,14,47.0,0.8615868130711881,75–100%,38.0,0.9402020963472445,t10,good teammate,higher,0.07861528327605638
t10_s03,Sprint 1,14,47.0,0.8615868130711881,75–100%,38.0,0.9402020963472445,t10,good teammate,higher,0.07861528327605638
t10_s03,Sprint 2,21,24.0,0.7589773506797182,75–100%,35.0,0.9244082156725899,t10,hitchhiker,lower,0.16543086499287174
t10_s03,Sprint 2,21,24.0,0.7589773506797182,75–100%,35.0,0.9244082156725899,t10,hitchhiker,lower,0.16543086499287174
t10_s03,Sprint 2,21,24.0,0.7589773506797182,75–100%,35.0,0.9244082156725899,t10,couch potato,lower,0.16543086499287174
t10_s03,Sprint 2,21,24.0,0.7589773506797182,75–100%,35.0,0.9244082156725899,t10,good teammate,higher,0.16543086499287174
t10_s03,Sprint 2,21,24.0,0.7589773506797182,75–100%,35.0,0.9244082156725899,t10,good teammate,higher,0.16543086499287174
t10_s03,Sprint 3,9,8.0,0.7289346340388007,50–75%,13.0,0.9471868322649573,t10,good teammate,higher,0.2182521982261566
t10_s03,Sprint 3,9,8.0,0.7289346340388007,50–75%,13.0,0.9471868322649573,t10,hitchhiker,lower,0.2182521982261566
t10_s03,Sprint 3,9,8.0,0.7289346340388007,50–75%,13.0,0.9471868322649573,t10,couch potato,lower,0.2182521982261566
t10_s03,Sprint 3,9,8.0,0.7289346340388007,50–75%,13.0,0.9471868322649573,t10,couch potato,lower,0.2182521982261566
t10_s04,Sprint 1,11,22.0,0.6702074724517906,50–75%,85.0,0.9489343093929491,t10,good teammate,higher,0.2787268369411585
t10_s04,Sprint 1,11,22.0,0.6702074724517906,50–75%,85.0,0.9489343093929491,t10,good teammate,higher,0.2787268369411585
t10_s04,Sprint 1,11,22.0,0.6702074724517906,50–75%,85.0,0.9489343093929491,t10,good teammate,higher,0.2787268369411585
t10_s04,Sprint 1,11,22.0,0.6702074724517906,50–75%,85.0,0.9489343093929491,t10,good teammate,higher,0.2787268369411585
t10_s04,Sprint 1,11,22.0,0.6702074724517906,50–75%,85.0,0.9489343093929491,t10,good teammate,higher,0.2787268369411585
t10_s04,Sprint 2,10,6.0,0.5664552173368408,50–75%,66.0,0.8593770996321729,t10,good teammate,higher,0.2929218822953321
t10_s04,Sprint 2,10,6.0,0.5664552173368408,50–75%,66.0,0.8593770996321729,t10,good teammate,higher,0.2929218822953321
t10_s04,Sprint 2,10,6.0,0.5664552173368408,50–75%,66.0,0.8593770996321729,t10,couch potato,lower,0.2929218822953321
t10_s04,Sprint 2,10,6.0,0.5664552173368408,50–75%,66.0,0.8593770996321729,t10,good teammate,higher,0.2929218822953321
t10_s04,Sprint 2,10,6.0,0.5664552173368408,50–75%,66.0,0.8593770996321729,t10,good teammate,higher,0.2929218822953321
t10_s04,Sprint 3,8,6.0,0.722850322420635,50–75%,40.0,0.9619122437169312,t10,good teammate,higher,0.23906192129629622
t10_s04,Sprint 3,8,6.0,0.722850322420635,50–75%,40.0,0.9619122437169312,t10,good teammate,higher,0.23906192129629622
t10_s04,Sprint 3,8,6.0,0.722850322420635,50–75%,40.0,0.9619122437169312,t10,good teammate,higher,0.23906192129629622
t10_s04,Sprint 3,8,6.0,0.722850322420635,50–75%,40.0,0.9619122437169312,t10,couch potato,lower,0.23906192129629622
t10_s05,Sprint 1,6,8.0,0.5331702002665545,50–75%,,,t10,couch potato,lower,
t11_s01,Sprint 1,29,89.0,0.758411549039243,75–100%,90.0,0.9599964488636363,t11,good teammate,higher,0.20158489982439332
t11_s01,Sprint 1,29,89.0,0.758411549039243,75–100%,90.0,0.9599964488636363,t11,good teammate,higher,0.20158489982439332
t11_s01,Sprint 1,29,89.0,0.758411549039243,75–100%,90.0,0.9599964488636363,t11,good teammate,higher,0.20158489982439332
t11_s01,Sprint 1,29,89.0,0.758411549039243,75–100%,90.0,0.9599964488636363,t11,good teammate,higher,0.20158489982439332
t11_s01,Sprint 1,29,89.0,0.758411549039243,75–100%,90.0,0.9599964488636363,t11,good teammate,higher,0.20158489982439332
t11_s01,Sprint 2,60,580.0,0.3386302089857614,25–50%,35.0,0.9390555645031406,t11,good teammate,higher,0.6004253555173793
t11_s01,Sprint 2,60,580.0,0.3386302089857614,25–50%,35.0,0.9390555645031406,t11,good teammate,higher,0.6004253555173793
t11_s01,Sprint 2,60,580.0,0.3386302089857614,25–50%,35.0,0.9390555645031406,t11,good teammate,higher,0.6004253555173793
t11_s01,Sprint 2,60,580.0,0.3386302089857614,25–50%,35.0,0.9390555645031406,t11,good teammate,higher,0.6004253555173793
t11_s01,Sprint 2,60,580.0,0.3386302089857614,25–50%,35.0,0.9390555645031406,t11,good teammate,higher,0.6004253555173793
t11_s01,Sprint 3,32,62.0,0.7850673518105159,75–100%,10.0,0.9705046296296296,t11,good teammate,higher,0.18543727781911368
t11_s01,Sprint 3,32,62.0,0.7850673518105159,75–100%,10.0,0.9705046296296296,t11,good teammate,higher,0.18543727781911368
t11_s01,Sprint 3,32,62.0,0.7850673518105159,75–100%,10.0,0.9705046296296296,t11,good teammate,higher,0.18543727781911368
t11_s01,Sprint 3,32,62.0,0.7850673518105159,75–100%,10.0,0.9705046296296296,t11,good teammate,higher,0.18543727781911368
t11_s01,Sprint 3,32,62.0,0.7850673518105159,75–100%,10.0,0.9705046296296296,t11,good teammate,higher,0.18543727781911368
t11_s02,Sprint 1,57,314.0,0.8261894806988009,75–100%,197.0,0.9169651036592661,t11,good teammate,higher,0.09077562296046515
t11_s02,Sprint 1,57,314.0,0.8261894806988009,75–100%,197.0,0.9169651036592661,t11,good teammate,higher,0.09077562296046515
t11_s02,Sprint 1,57,314.0,0.8261894806988009,75–100%,197.0,0.9169651036592661,t11,good teammate,higher,0.09077562296046515
t11_s02,Sprint 1,57,314.0,0.8261894806988009,75–100%,197.0,0.9169651036592661,t11,good teammate,higher,0.09077562296046515
t11_s02,Sprint 1,57,314.0,0.8261894806988009,75–100%,197.0,0.9169651036592661,t11,good teammate,higher,0.09077562296046515
t11_s02,Sprint 2,40,296.0,0.5536866231366654,50–75%,211.0,0.8157581305772397,t11,good teammate,higher,0.2620715074405743
t11_s02,Sprint 2,40,296.0,0.5536866231366654,50–75%,211.0,0.8157581305772397,t11,good teammate,higher,0.2620715074405743
t11_s02,Sprint 2,40,296.0,0.5536866231366654,50–75%,211.0,0.8157581305772397,t11,good teammate,higher,0.2620715074405743
t11_s02,Sprint 2,40,296.0,0.5536866231366654,50–75%,211.0,0.8157581305772397,t11,good teammate,higher,0.2620715074405743
t11_s02,Sprint 2,40,296.0,0.5536866231366654,50–75%,211.0,0.8157581305772397,t11,good teammate,higher,0.2620715074405743
t11_s02,Sprint 3,18,19.0,0.47135662386096416,25–50%,107.0,0.6224628207981012,t11,good teammate,higher,0.15110619693713706
t11_s02,Sprint 3,18,19.0,0.47135662386096416,25–50%,107.0,0.6224628207981012,t11,lone wolf,higher,0.15110619693713706
t11_s02,Sprint 3,18,19.0,0.47135662386096416,25–50%,107.0,0.6224628207981012,t11,good teammate,higher,0.15110619693713706
t11_s02,Sprint 3,18,19.0,0.47135662386096416,25–50%,107.0,0.6224628207981012,t11,good teammate,higher,0.15110619693713706
t11_s02,Sprint 3,18,19.0,0.47135662386096416,25–50%,107.0,0.6224628207981012,t11,good teammate,higher,0.15110619693713706
t11_s03,Sprint 1,17,47.0,0.6590976245296098,50–75%,69.0,0.9218953994961694,t11,good teammate,higher,0.26279777496655954
t11_s03,Sprint 1,17,47.0,0.6590976245296098,50–75%,69.0,0.9218953994961694,t11,good teammate,higher,0.26279777496655954
t11_s03,Sprint 1,17,47.0,0.6590976245296098,50–75%,69.0,0.9218953994961694,t11,good teammate,higher,0.26279777496655954
t11_s03,Sprint 1,17,47.0,0.6590976245296098,50–75%,69.0,0.9218953994961694,t11,good teammate,higher,0.26279777496655954
t11_s03,Sprint 1,17,47.0,0.6590976245296098,50–75%,69.0,0.9218953994961694,t11,good teammate,higher,0.26279777496655954
t11_s03,Sprint 2,7,13.0,0.5438219162148136,50–75%,55.0,0.8077686390397777,t11,good teammate,higher,0.2639467228249641
t11_s03,Sprint 2,7,13.0,0.5438219162148136,50–75%,55.0,0.8077686390397777,t11,good teammate,higher,0.2639467228249641
t11_s03,Sprint 2,7,13.0,0.5438219162148136,50–75%,55.0,0.8077686390397777,t11,good teammate,higher,0.2639467228249641
t11_s03,Sprint 2,7,13.0,0.5438219162148136,50–75%,55.0,0.8077686390397777,t11,good teammate,higher,0.2639467228249641
t11_s03,Sprint 2,7,13.0,0.5438219162148136,50–75%,55.0,0.8077686390397777,t11,good teammate,higher,0.2639467228249641
t11_s03,Sprint 3,18,43.0,0.7107715130805409,50–75%,11.0,0.867339917027417,t11,good teammate,higher,0.1565684039468761
t11_s03,Sprint 3,18,43.0,0.7107715130805409,50–75%,11.0,0.867339917027417,t11,good teammate,higher,0.1565684039468761
t11_s03,Sprint 3,18,43.0,0.7107715130805409,50–75%,11.0,0.867339917027417,t11,good teammate,higher,0.1565684039468761
t11_s03,Sprint 3,18,43.0,0.7107715130805409,50–75%,11.0,0.867339917027417,t11,good teammate,higher,0.1565684039468761
t11_s03,Sprint 3,18,43.0,0.7107715130805409,50–75%,11.0,0.867339917027417,t11,good teammate,higher,0.1565684039468761
t11_s04,Sprint 1,43,275.0,0.7548862963452353,75–100%,102.0,0.9402340087971215,t11,good teammate,higher,0.1853477124518862
t11_s04,Sprint 1,43,275.0,0.7548862963452353,75–100%,102.0,0.9402340087971215,t11,good teammate,higher,0.1853477124518862
t11_s04,Sprint 1,43,275.0,0.7548862963452353,75–100%,102.0,0.9402340087971215,t11,good teammate,higher,0.1853477124518862
t11_s04,Sprint 1,43,275.0,0.7548862963452353,75–100%,102.0,0.9402340087971215,t11,good teammate,higher,0.1853477124518862
t11_s04,Sprint 1,43,275.0,0.7548862963452353,75–100%,102.0,0.9402340087971215,t11,good teammate,higher,0.1853477124518862
t11_s04,Sprint 2,67,486.0,0.5823563552025667,50–75%,68.0,0.798952023970054,t11,good teammate,higher,0.21659566876748737
t11_s04,Sprint 2,67,486.0,0.5823563552025667,50–75%,68.0,0.798952023970054,t11,good teammate,higher,0.21659566876748737
t11_s04,Sprint 2,67,486.0,0.5823563552025667,50–75%,68.0,0.798952023970054,t11,good teammate,higher,0.21659566876748737
t11_s04,Sprint 2,67,486.0,0.5823563552025667,50–75%,68.0,0.798952023970054,t11,good teammate,higher,0.21659566876748737
t11_s04,Sprint 2,67,486.0,0.5823563552025667,50–75%,68.0,0.798952023970054,t11,good teammate,higher,0.21659566876748737
t11_s04,Sprint 3,19,35.0,0.6006758650097467,50–75%,37.0,0.6183352995852995,t11,good teammate,higher,0.017659434575552857
t11_s04,Sprint 3,19,35.0,0.6006758650097467,50–75%,37.0,0.6183352995852995,t11,good teammate,higher,0.017659434575552857
t11_s04,Sprint 3,19,35.0,0.6006758650097467,50–75%,37.0,0.6183352995852995,t11,good teammate,higher,0.017659434575552857
t11_s04,Sprint 3,19,35.0,0.6006758650097467,50–75%,37.0,0.6183352995852995,t11,good teammate,higher,0.017659434575552857
t11_s04,Sprint 3,19,35.0,0.6006758650097467,50–75%,37.0,0.6183352995852995,t11,good teammate,higher,0.017659434575552857
t11_s05,Sprint 3,6,2.0,0.5504479442239859,50–75%,10.0,0.681291583994709,t11,good teammate,higher,0.1308436397707231
t11_s05,Sprint 3,6,2.0,0.5504479442239859,50–75%,10.0,0.681291583994709,t11,good teammate,higher,0.1308436397707231
t11_s05,Sprint 3,6,2.0,0.5504479442239859,50–75%,10.0,0.681291583994709,t11,good teammate,higher,0.1308436397707231
t11_s05,Sprint 3,6,2.0,0.5504479442239859,50–75%,10.0,0.681291583994709,t11,good teammate,higher,0.1308436397707231
t11_s05,Sprint 3,6,2.0,0.5504479442239859,50–75%,10.0,0.681291583994709,t11,good teammate,higher,0.1308436397707231
t12_s01,Sprint 1,16,15.0,0.7996205051820287,75–100%,99.0,0.8085831271468897,t12,good teammate,higher,0.008962621964861084
t12_s01,Sprint 1,16,15.0,0.7996205051820287,75–100%,99.0,0.8085831271468897,t12,good teammate,higher,0.008962621964861084
t12_s01,Sprint 1,16,15.0,0.7996205051820287,75–100%,99.0,0.8085831271468897,t12,good teammate,higher,0.008962621964861084
t12_s01,Sprint 1,16,15.0,0.7996205051820287,75–100%,99.0,0.8085831271468897,t12,good teammate,higher,0.008962621964861084
t12_s01,Sprint 1,16,15.0,0.7996205051820287,75–100%,99.0,0.8085831271468897,t12,good teammate,higher,0.008962621964861084
t12_s01,Sprint 2,12,44.0,0.8400642250198338,75–100%,51.0,0.8243411182586525,t12,good teammate,higher,-0.01572310676118127
t12_s01,Sprint 2,12,44.0,0.8400642250198338,75–100%,51.0,0.8243411182586525,t12,good teammate,higher,-0.01572310676118127
t12_s01,Sprint 2,12,44.0,0.8400642250198338,75–100%,51.0,0.8243411182586525,t12,good teammate,higher,-0.01572310676118127
t12_s01,Sprint 2,12,44.0,0.8400642250198338,75–100%,51.0,0.8243411182586525,t12,good teammate,higher,-0.01572310676118127
t12_s01,Sprint 2,12,44.0,0.8400642250198338,75–100%,51.0,0.8243411182586525,t12,good teammate,higher,-0.01572310676118127
t12_s01,Sprint 3,14,37.0,0.851402027825019,75–100%,48.0,0.8471795256007496,t12,good teammate,higher,-0.004222502224269342
t12_s01,Sprint 3,14,37.0,0.851402027825019,75–100%,48.0,0.8471795256007496,t12,good teammate,higher,-0.004222502224269342
t12_s01,Sprint 3,14,37.0,0.851402027825019,75–100%,48.0,0.8471795256007496,t12,good teammate,higher,-0.004222502224269342
t12_s01,Sprint 3,14,37.0,0.851402027825019,75–100%,48.0,0.8471795256007496,t12,good teammate,higher,-0.004222502224269342
t12_s02,Sprint 1,14,33.0,0.8577782287157287,75–100%,47.0,0.9691224635539796,t12,good teammate,higher,0.11134423483825084
t12_s02,Sprint 1,14,33.0,0.8577782287157287,75–100%,47.0,0.9691224635539796,t12,couch potato,lower,0.11134423483825084
t12_s02,Sprint 1,14,33.0,0.8577782287157287,75–100%,47.0,0.9691224635539796,t12,good teammate,higher,0.11134423483825084
t12_s02,Sprint 1,14,33.0,0.8577782287157287,75–100%,47.0,0.9691224635539796,t12,good teammate,higher,0.11134423483825084
t12_s02,Sprint 1,14,33.0,0.8577782287157287,75–100%,47.0,0.9691224635539796,t12,good teammate,higher,0.11134423483825084
t12_s02,Sprint 2,27,268.0,0.8420750228494811,75–100%,47.0,0.7949322296582365,t12,hitchhiker,lower,-0.04714279319124459
t12_s02,Sprint 2,27,268.0,0.8420750228494811,75–100%,47.0,0.7949322296582365,t12,good teammate,higher,-0.04714279319124459
t12_s02,Sprint 2,27,268.0,0.8420750228494811,75–100%,47.0,0.7949322296582365,t12,good teammate,higher,-0.04714279319124459
t12_s02,Sprint 2,27,268.0,0.8420750228494811,75–100%,47.0,0.7949322296582365,t12,good teammate,higher,-0.04714279319124459
t12_s02,Sprint 2,27,268.0,0.8420750228494811,75–100%,47.0,0.7949322296582365,t12,good teammate,higher,-0.04714279319124459
t12_s02,Sprint 3,17,24.0,0.7678890445066916,75–100%,30.0,0.8366303461199294,t12,good teammate,higher,0.06874130161323777
t12_s02,Sprint 3,17,24.0,0.7678890445066916,75–100%,30.0,0.8366303461199294,t12,good teammate,higher,0.06874130161323777
t12_s02,Sprint 3,17,24.0,0.7678890445066916,75–100%,30.0,0.8366303461199294,t12,good teammate,higher,0.06874130161323777
t12_s02,Sprint 3,17,24.0,0.7678890445066916,75–100%,30.0,0.8366303461199294,t12,good teammate,higher,0.06874130161323777
t12_s03,Sprint 1,46,83.0,0.77408973681562,75–100%,83.0,0.7977265628169242,t12,good teammate,higher,0.023636826001304234
t12_s03,Sprint 1,46,83.0,0.77408973681562,75–100%,83.0,0.7977265628169242,t12,good teammate,higher,0.023636826001304234
t12_s03,Sprint 1,46,83.0,0.77408973681562,75–100%,83.0,0.7977265628169242,t12,good teammate,higher,0.023636826001304234
t12_s03,Sprint 1,46,83.0,0.77408973681562,75–100%,83.0,0.7977265628169242,t12,good teammate,higher,0.023636826001304234
t12_s03,Sprint 1,46,83.0,0.77408973681562,75–100%,83.0,0.7977265628169242,t12,good teammate,higher,0.023636826001304234
t12_s03,Sprint 2,53,650.0,0.8680198015121756,75–100%,101.0,0.8207937070482697,t12,good teammate,higher,-0.04722609446390591
t12_s03,Sprint 2,53,650.0,0.8680198015121756,75–100%,101.0,0.8207937070482697,t12,good teammate,higher,-0.04722609446390591
t12_s03,Sprint 2,53,650.0,0.8680198015121756,75–100%,101.0,0.8207937070482697,t12,good teammate,higher,-0.04722609446390591
t12_s03,Sprint 2,53,650.0,0.8680198015121756,75–100%,101.0,0.8207937070482697,t12,good teammate,higher,-0.04722609446390591
t12_s03,Sprint 2,53,650.0,0.8680198015121756,75–100%,101.0,0.8207937070482697,t12,good teammate,higher,-0.04722609446390591
t12_s03,Sprint 3,34,69.0,0.7947220763305323,75–100%,36.0,0.8542830733759553,t12,good teammate,higher,0.05956099704542306
t12_s03,Sprint 3,34,69.0,0.7947220763305323,75–100%,36.0,0.8542830733759553,t12,good teammate,higher,0.05956099704542306
t12_s03,Sprint 3,34,69.0,0.7947220763305323,75–100%,36.0,0.8542830733759553,t12,good teammate,higher,0.05956099704542306
t12_s03,Sprint 3,34,69.0,0.7947220763305323,75–100%,36.0,0.8542830733759553,t12,good teammate,higher,0.05956099704542306
t12_s04,Sprint 1,17,15.0,0.6241065217122203,50–75%,88.0,0.8486149342621289,t12,good teammate,higher,0.2245084125499086
t12_s04,Sprint 1,17,15.0,0.6241065217122203,50–75%,88.0,0.8486149342621289,t12,good teammate,higher,0.2245084125499086
t12_s04,Sprint 1,17,15.0,0.6241065217122203,50–75%,88.0,0.8486149342621289,t12,good teammate,higher,0.2245084125499086
t12_s04,Sprint 1,17,15.0,0.6241065217122203,50–75%,88.0,0.8486149342621289,t12,good teammate,higher,0.2245084125499086
t12_s04,Sprint 1,17,15.0,0.6241065217122203,50–75%,88.0,0.8486149342621289,t12,good teammate,higher,0.2245084125499086
t12_s04,Sprint 2,32,372.0,0.8317263344763873,75–100%,63.0,0.8186749521304201,t12,good teammate,higher,-0.013051382345967255
t12_s04,Sprint 2,32,372.0,0.8317263344763873,75–100%,63.0,0.8186749521304201,t12,good teammate,higher,-0.013051382345967255
t12_s04,Sprint 2,32,372.0,0.8317263344763873,75–100%,63.0,0.8186749521304201,t12,good teammate,higher,-0.013051382345967255
t12_s04,Sprint 2,32,372.0,0.8317263344763873,75–100%,63.0,0.8186749521304201,t12,good teammate,higher,-0.013051382345967255
t12_s04,Sprint 2,32,372.0,0.8317263344763873,75–100%,63.0,0.8186749521304201,t12,good teammate,higher,-0.013051382345967255
t12_s04,Sprint 3,23,61.0,0.86894733436853,75–100%,78.0,0.8396105514855515,t12,good teammate,higher,-0.029336782882978474
t12_s04,Sprint 3,23,61.0,0.86894733436853,75–100%,78.0,0.8396105514855515,t12,good teammate,higher,-0.029336782882978474
t12_s04,Sprint 3,23,61.0,0.86894733436853,75–100%,78.0,0.8396105514855515,t12,good teammate,higher,-0.029336782882978474
t12_s04,Sprint 3,23,61.0,0.86894733436853,75–100%,78.0,0.8396105514855515,t12,good teammate,higher,-0.029336782882978474
t12_s05,Sprint 1,3,6.0,0.6800666386083053,50–75%,94.0,0.9180312964530052,t12,good teammate,higher,0.2379646578446999
t12_s05,Sprint 1,3,6.0,0.6800666386083053,50–75%,94.0,0.9180312964530052,t12,good teammate,higher,0.2379646578446999
t12_s05,Sprint 1,3,6.0,0.6800666386083053,50–75%,94.0,0.9180312964530052,t12,good teammate,higher,0.2379646578446999
t12_s05,Sprint 1,3,6.0,0.6800666386083053,50–75%,94.0,0.9180312964530052,t12,good teammate,higher,0.2379646578446999
t12_s05,Sprint 1,3,6.0,0.6800666386083053,50–75%,94.0,0.9180312964530052,t12,good teammate,higher,0.2379646578446999
t12_s05,Sprint 3,5,10.0,0.8830081018518519,75–100%,21.0,0.9397115339191233,t12,good teammate,higher,0.056703432067271464
t12_s05,Sprint 3,5,10.0,0.8830081018518519,75–100%,21.0,0.9397115339191233,t12,good teammate,higher,0.056703432067271464
t12_s05,Sprint 3,5,10.0,0.8830081018518519,75–100%,21.0,0.9397115339191233,t12,good teammate,higher,0.056703432067271464
t12_s05,Sprint 3,5,10.0,0.8830081018518519,75–100%,21.0,0.9397115339191233,t12,good teammate,higher,0.056703432067271464
t13_s01,Sprint 1,43,61.0,0.6294671032025684,50–75%,126.0,0.8819140917274598,t13,good teammate,higher,0.25244698852489145
t13_s01,Sprint 1,43,61.0,0.6294671032025684,50–75%,126.0,0.8819140917274598,t13,good teammate,higher,0.25244698852489145
t13_s01,Sprint 1,43,61.0,0.6294671032025684,50–75%,126.0,0.8819140917274598,t13,good teammate,higher,0.25244698852489145
t13_s01,Sprint 1,43,61.0,0.6294671032025684,50–75%,126.0,0.8819140917274598,t13,good teammate,higher,0.25244698852489145
t13_s01,Sprint 1,43,61.0,0.6294671032025684,50–75%,126.0,0.8819140917274598,t13,good teammate,higher,0.25244698852489145
t13_s01,Sprint 1,43,61.0,0.6294671032025684,50–75%,126.0,0.8819140917274598,t13,good teammate,higher,0.25244698852489145
t13_s01,Sprint 2,20,18.0,0.4397152229738194,25–50%,62.0,0.8504799513482278,t13,good teammate,higher,0.41076472837440847
t13_s01,Sprint 2,20,18.0,0.4397152229738194,25–50%,62.0,0.8504799513482278,t13,good teammate,higher,0.41076472837440847
t13_s01,Sprint 2,20,18.0,0.4397152229738194,25–50%,62.0,0.8504799513482278,t13,good teammate,higher,0.41076472837440847
t13_s01,Sprint 2,20,18.0,0.4397152229738194,25–50%,62.0,0.8504799513482278,t13,good teammate,higher,0.41076472837440847
t13_s01,Sprint 2,20,18.0,0.4397152229738194,25–50%,62.0,0.8504799513482278,t13,good teammate,higher,0.41076472837440847
t13_s01,Sprint 3,26,18.0,0.7408562907000408,50–75%,49.0,0.8635087919096209,t13,good teammate,higher,0.12265250120958016
t13_s01,Sprint 3,26,18.0,0.7408562907000408,50–75%,49.0,0.8635087919096209,t13,good teammate,higher,0.12265250120958016
t13_s01,Sprint 3,26,18.0,0.7408562907000408,50–75%,49.0,0.8635087919096209,t13,good teammate,higher,0.12265250120958016
t13_s01,Sprint 3,26,18.0,0.7408562907000408,50–75%,49.0,0.8635087919096209,t13,good teammate,higher,0.12265250120958016
t13_s01,Sprint 3,26,18.0,0.7408562907000408,50–75%,49.0,0.8635087919096209,t13,good teammate,higher,0.12265250120958016
t13_s02,Sprint 1,10,20.0,0.7547759101430976,75–100%,85.0,0.9223797967419292,t13,couch potato,lower,0.16760388659883152
t13_s02,Sprint 1,10,20.0,0.7547759101430976,75–100%,85.0,0.9223797967419292,t13,good teammate,higher,0.16760388659883152
t13_s02,Sprint 1,10,20.0,0.7547759101430976,75–100%,85.0,0.9223797967419292,t13,lone wolf,higher,0.16760388659883152
t13_s02,Sprint 1,10,20.0,0.7547759101430976,75–100%,85.0,0.9223797967419292,t13,lone wolf,higher,0.16760388659883152
t13_s02,Sprint 1,10,20.0,0.7547759101430976,75–100%,85.0,0.9223797967419292,t13,good teammate,higher,0.16760388659883152
t13_s02,Sprint 1,10,20.0,0.7547759101430976,75–100%,85.0,0.9223797967419292,t13,hitchhiker,lower,0.16760388659883152
t13_s02,Sprint 2,4,12.0,0.6887770105223601,50–75%,46.0,0.868998632964615,t13,couch potato,lower,0.18022162244225493
t13_s02,Sprint 2,4,12.0,0.6887770105223601,50–75%,46.0,0.868998632964615,t13,hitchhiker,lower,0.18022162244225493
t13_s02,Sprint 2,4,12.0,0.6887770105223601,50–75%,46.0,0.868998632964615,t13,good teammate,higher,0.18022162244225493
t13_s02,Sprint 2,4,12.0,0.6887770105223601,50–75%,46.0,0.868998632964615,t13,couch potato,lower,0.18022162244225493
t13_s02,Sprint 2,4,12.0,0.6887770105223601,50–75%,46.0,0.868998632964615,t13,couch potato,lower,0.18022162244225493
t13_s02,Sprint 3,5,4.0,0.9363936011904762,75–100%,54.0,0.9195156648050167,t13,couch potato,lower,-0.016877936385459535
t13_s02,Sprint 3,5,4.0,0.9363936011904762,75–100%,54.0,0.9195156648050167,t13,hitchhiker,lower,-0.016877936385459535
t13_s02,Sprint 3,5,4.0,0.9363936011904762,75–100%,54.0,0.9195156648050167,t13,lone wolf,higher,-0.016877936385459535
t13_s02,Sprint 3,5,4.0,0.9363936011904762,75–100%,54.0,0.9195156648050167,t13,good teammate,higher,-0.016877936385459535
t13_s02,Sprint 3,5,4.0,0.9363936011904762,75–100%,54.0,0.9195156648050167,t13,good teammate,higher,-0.016877936385459535
t13_s03,Sprint 1,23,15.0,0.599562335309618,50–75%,63.0,0.8784933411495912,t13,good teammate,higher,0.2789310058399732
t13_s03,Sprint 1,23,15.0,0.599562335309618,50–75%,63.0,0.8784933411495912,t13,good teammate,higher,0.2789310058399732
t13_s03,Sprint 1,23,15.0,0.599562335309618,50–75%,63.0,0.8784933411495912,t13,good teammate,higher,0.2789310058399732
t13_s03,Sprint 1,23,15.0,0.599562335309618,50–75%,63.0,0.8784933411495912,t13,good teammate,higher,0.2789310058399732
t13_s03,Sprint 1,23,15.0,0.599562335309618,50–75%,63.0,0.8784933411495912,t13,good teammate,higher,0.2789310058399732
t13_s03,Sprint 1,23,15.0,0.599562335309618,50–75%,63.0,0.8784933411495912,t13,good teammate,higher,0.2789310058399732
t13_s03,Sprint 2,16,18.0,0.5097414818990355,50–75%,73.0,0.8911939841340931,t13,good teammate,higher,0.38145250223505767
t13_s03,Sprint 2,16,18.0,0.5097414818990355,50–75%,73.0,0.8911939841340931,t13,good teammate,higher,0.38145250223505767
t13_s03,Sprint 2,16,18.0,0.5097414818990355,50–75%,73.0,0.8911939841340931,t13,good teammate,higher,0.38145250223505767
t13_s03,Sprint 2,16,18.0,0.5097414818990355,50–75%,73.0,0.8911939841340931,t13,good teammate,higher,0.38145250223505767
t13_s03,Sprint 2,16,18.0,0.5097414818990355,50–75%,73.0,0.8911939841340931,t13,good teammate,higher,0.38145250223505767
t13_s03,Sprint 3,7,3.0,0.7181913147203326,50–75%,40.0,0.8741462570271163,t13,good teammate,higher,0.15595494230678375
t13_s03,Sprint 3,7,3.0,0.7181913147203326,50–75%,40.0,0.8741462570271163,t13,good teammate,higher,0.15595494230678375
t13_s03,Sprint 3,7,3.0,0.7181913147203326,50–75%,40.0,0.8741462570271163,t13,good teammate,higher,0.15595494230678375
t13_s03,Sprint 3,7,3.0,0.7181913147203326,50–75%,40.0,0.8741462570271163,t13,good teammate,higher,0.15595494230678375
t13_s03,Sprint 3,7,3.0,0.7181913147203326,50–75%,40.0,0.8741462570271163,t13,good teammate,higher,0.15595494230678375
t13_s04,Sprint 1,29,39.0,0.5595298440584,50–75%,87.0,0.8904306837532412,t13,good teammate,higher,0.3309008396948412
t13_s04,Sprint 1,29,39.0,0.5595298440584,50–75%,87.0,0.8904306837532412,t13,good teammate,higher,0.3309008396948412
t13_s04,Sprint 1,29,39.0,0.5595298440584,50–75%,87.0,0.8904306837532412,t13,good teammate,higher,0.3309008396948412
t13_s04,Sprint 1,29,39.0,0.5595298440584,50–75%,87.0,0.8904306837532412,t13,good teammate,higher,0.3309008396948412
t13_s04,Sprint 1,29,39.0,0.5595298440584,50–75%,87.0,0.8904306837532412,t13,good teammate,higher,0.3309008396948412
t13_s04,Sprint 1,29,39.0,0.5595298440584,50–75%,87.0,0.8904306837532412,t13,good teammate,higher,0.3309008396948412
t13_s04,Sprint 2,9,9.0,0.7211995629601793,50–75%,61.0,0.8057272164414955,t13,good teammate,higher,0.08452765348131619
t13_s04,Sprint 2,9,9.0,0.7211995629601793,50–75%,61.0,0.8057272164414955,t13,good teammate,higher,0.08452765348131619
t13_s04,Sprint 2,9,9.0,0.7211995629601793,50–75%,61.0,0.8057272164414955,t13,good teammate,higher,0.08452765348131619
t13_s04,Sprint 2,9,9.0,0.7211995629601793,50–75%,61.0,0.8057272164414955,t13,couch potato,lower,0.08452765348131619
t13_s04,Sprint 2,9,9.0,0.7211995629601793,50–75%,61.0,0.8057272164414955,t13,good teammate,higher,0.08452765348131619
t13_s04,Sprint 3,14,12.0,0.6709477749433106,50–75%,49.0,0.9086219175170068,t13,good teammate,higher,0.23767414257369623
t13_s04,Sprint 3,14,12.0,0.6709477749433106,50–75%,49.0,0.9086219175170068,t13,good teammate,higher,0.23767414257369623
t13_s04,Sprint 3,14,12.0,0.6709477749433106,50–75%,49.0,0.9086219175170068,t13,good teammate,higher,0.23767414257369623
t13_s04,Sprint 3,14,12.0,0.6709477749433106,50–75%,49.0,0.9086219175170068,t13,good teammate,higher,0.23767414257369623
t13_s04,Sprint 3,14,12.0,0.6709477749433106,50–75%,49.0,0.9086219175170068,t13,good teammate,higher,0.23767414257369623
t13_s05,Sprint 1,8,3.0,0.41809185606060606,25–50%,63.0,0.8564834104938273,t13,good teammate,higher,0.4383915544332212
t13_s05,Sprint 1,8,3.0,0.41809185606060606,25–50%,63.0,0.8564834104938273,t13,good teammate,higher,0.4383915544332212
t13_s05,Sprint 1,8,3.0,0.41809185606060606,25–50%,63.0,0.8564834104938273,t13,good teammate,higher,0.4383915544332212
t13_s05,Sprint 1,8,3.0,0.41809185606060606,25–50%,63.0,0.8564834104938273,t13,good teammate,higher,0.4383915544332212
t13_s05,Sprint 1,8,3.0,0.41809185606060606,25–50%,63.0,0.8564834104938273,t13,good teammate,higher,0.4383915544332212
t13_s05,Sprint 1,8,3.0,0.41809185606060606,25–50%,63.0,0.8564834104938273,t13,good teammate,higher,0.4383915544332212
t13_s05,Sprint 2,9,10.0,0.7495607332247692,50–75%,43.0,0.8207362447526575,t13,good teammate,higher,0.07117551152788826
t13_s05,Sprint 2,9,10.0,0.7495607332247692,50–75%,43.0,0.8207362447526575,t13,good teammate,higher,0.07117551152788826
t13_s05,Sprint 2,9,10.0,0.7495607332247692,50–75%,43.0,0.8207362447526575,t13,good teammate,higher,0.07117551152788826
t13_s05,Sprint 2,9,10.0,0.7495607332247692,50–75%,43.0,0.8207362447526575,t13,good teammate,higher,0.07117551152788826
t13_s05,Sprint 2,9,10.0,0.7495607332247692,50–75%,43.0,0.8207362447526575,t13,good teammate,higher,0.07117551152788826
t13_s05,Sprint 3,11,5.0,0.6212879915223666,50–75%,33.0,0.9078765707671957,t13,good teammate,higher,0.28658857924482917
t13_s05,Sprint 3,11,5.0,0.6212879915223666,50–75%,33.0,0.9078765707671957,t13,good teammate,higher,0.28658857924482917
t13_s05,Sprint 3,11,5.0,0.6212879915223666,50–75%,33.0,0.9078765707671957,t13,good teammate,higher,0.28658857924482917
t13_s05,Sprint 3,11,5.0,0.6212879915223666,50–75%,33.0,0.9078765707671957,t13,good teammate,higher,0.28658857924482917
t13_s05,Sprint 3,11,5.0,0.6212879915223666,50–75%,33.0,0.9078765707671957,t13,good teammate,higher,0.28658857924482917
t14_s01,Sprint 1,11,7.0,0.7970092975206612,75–100%,190.0,0.86793412607434,t14,good teammate,higher,0.07092482855367876
t14_s01,Sprint 1,11,7.0,0.7970092975206612,75–100%,190.0,0.86793412607434,t14,good teammate,higher,0.07092482855367876
t14_s01,Sprint 1,11,7.0,0.7970092975206612,75–100%,190.0,0.86793412607434,t14,good teammate,higher,0.07092482855367876
t14_s01,Sprint 1,11,7.0,0.7970092975206612,75–100%,190.0,0.86793412607434,t14,good teammate,higher,0.07092482855367876
t14_s01,Sprint 1,11,7.0,0.7970092975206612,75–100%,190.0,0.86793412607434,t14,good teammate,higher,0.07092482855367876
t14_s01,Sprint 2,11,43.0,0.6927535501577216,50–75%,139.0,0.6994280066364045,t14,good teammate,higher,0.006674456478682922
t14_s01,Sprint 2,11,43.0,0.6927535501577216,50–75%,139.0,0.6994280066364045,t14,good teammate,higher,0.006674456478682922
t14_s01,Sprint 2,11,43.0,0.6927535501577216,50–75%,139.0,0.6994280066364045,t14,good teammate,higher,0.006674456478682922
t14_s01,Sprint 2,11,43.0,0.6927535501577216,50–75%,139.0,0.6994280066364045,t14,good teammate,higher,0.006674456478682922
t14_s01,Sprint 2,11,43.0,0.6927535501577216,50–75%,139.0,0.6994280066364045,t14,good teammate,higher,0.006674456478682922
t14_s01,Sprint 3,1,0.0,0.4071155753968254,25–50%,65.0,0.6962113985551486,t14,good teammate,higher,0.28909582315832316
t14_s01,Sprint 3,1,0.0,0.4071155753968254,25–50%,65.0,0.6962113985551486,t14,good teammate,higher,0.28909582315832316
t14_s01,Sprint 3,1,0.0,0.4071155753968254,25–50%,65.0,0.6962113985551486,t14,good teammate,higher,0.28909582315832316
t14_s01,Sprint 3,1,0.0,0.4071155753968254,25–50%,65.0,0.6962113985551486,t14,good teammate,higher,0.28909582315832316
t14_s01,Sprint 3,1,0.0,0.4071155753968254,25–50%,65.0,0.6962113985551486,t14,good teammate,higher,0.28909582315832316
t14_s02,Sprint 1,9,2.0,0.7742178439487467,75–100%,81.0,0.8794655044529659,t14,good teammate,higher,0.10524766050421919
t14_s02,Sprint 1,9,2.0,0.7742178439487467,75–100%,81.0,0.8794655044529659,t14,good teammate,higher,0.10524766050421919
t14_s02,Sprint 1,9,2.0,0.7742178439487467,75–100%,81.0,0.8794655044529659,t14,good teammate,higher,0.10524766050421919
t14_s02,Sprint 1,9,2.0,0.7742178439487467,75–100%,81.0,0.8794655044529659,t14,good teammate,higher,0.10524766050421919
t14_s02,Sprint 1,9,2.0,0.7742178439487467,75–100%,81.0,0.8794655044529659,t14,good teammate,higher,0.10524766050421919
t14_s02,Sprint 2,1,0.0,0.9077774646123011,75–100%,54.0,0.6978637185036722,t14,good teammate,higher,-0.2099137461086289
t14_s02,Sprint 2,1,0.0,0.9077774646123011,75–100%,54.0,0.6978637185036722,t14,good teammate,higher,-0.2099137461086289
t14_s02,Sprint 2,1,0.0,0.9077774646123011,75–100%,54.0,0.6978637185036722,t14,good teammate,higher,-0.2099137461086289
t14_s02,Sprint 2,1,0.0,0.9077774646123011,75–100%,54.0,0.6978637185036722,t14,good teammate,higher,-0.2099137461086289
t14_s02,Sprint 2,1,0.0,0.9077774646123011,75–100%,54.0,0.6978637185036722,t14,good teammate,higher,-0.2099137461086289
t14_s03,Sprint 1,6,0.0,0.7457538930976431,50–75%,103.0,0.884052550178157,t14,good teammate,higher,0.13829865708051392
t14_s03,Sprint 1,6,0.0,0.7457538930976431,50–75%,103.0,0.884052550178157,t14,good teammate,higher,0.13829865708051392
t14_s03,Sprint 1,6,0.0,0.7457538930976431,50–75%,103.0,0.884052550178157,t14,good teammate,higher,0.13829865708051392
t14_s03,Sprint 1,6,0.0,0.7457538930976431,50–75%,103.0,0.884052550178157,t14,good teammate,higher,0.13829865708051392
t14_s03,Sprint 1,6,0.0,0.7457538930976431,50–75%,103.0,0.884052550178157,t14,good teammate,higher,0.13829865708051392
t14_s03,Sprint 2,1,0.0,0.9289859701866466,75–100%,74.0,0.730169680672781,t14,good teammate,higher,-0.19881628951386565
t14_s03,Sprint 2,1,0.0,0.9289859701866466,75–100%,74.0,0.730169680672781,t14,good teammate,higher,-0.19881628951386565
t14_s03,Sprint 2,1,0.0,0.9289859701866466,75–100%,74.0,0.730169680672781,t14,good teammate,higher,-0.19881628951386565
t14_s03,Sprint 2,1,0.0,0.9289859701866466,75–100%,74.0,0.730169680672781,t14,good teammate,higher,-0.19881628951386565
t14_s03,Sprint 2,1,0.0,0.9289859701866466,75–100%,74.0,0.730169680672781,t14,good teammate,higher,-0.19881628951386565
t14_s04,Sprint 1,3,3.0,0.5068964821829406,50–75%,165.0,0.7599475914447505,t14,good teammate,higher,0.25305110926180996
t14_s04,Sprint 1,3,3.0,0.5068964821829406,50–75%,165.0,0.7599475914447505,t14,good teammate,higher,0.25305110926180996
t14_s04,Sprint 1,3,3.0,0.5068964821829406,50–75%,165.0,0.7599475914447505,t14,good teammate,higher,0.25305110926180996
t14_s04,Sprint 1,3,3.0,0.5068964821829406,50–75%,165.0,0.7599475914447505,t14,good teammate,higher,0.25305110926180996
t14_s04,Sprint 1,3,3.0,0.5068964821829406,50–75%,165.0,0.7599475914447505,t14,good teammate,higher,0.25305110926180996
t14_s05,Sprint 1,5,0.0,0.7957854061447811,75–100%,68.0,0.8999058678079818,t14,hitchhiker,lower,0.10412046166320066
t14_s05,Sprint 1,5,0.0,0.7957854061447811,75–100%,68.0,0.8999058678079818,t14,good teammate,higher,0.10412046166320066
t14_s05,Sprint 1,5,0.0,0.7957854061447811,75–100%,68.0,0.8999058678079818,t14,good teammate,higher,0.10412046166320066
t14_s05,Sprint 1,5,0.0,0.7957854061447811,75–100%,68.0,0.8999058678079818,t14,hitchhiker,lower,0.10412046166320066
t14_s05,Sprint 1,5,0.0,0.7957854061447811,75–100%,68.0,0.8999058678079818,t14,good teammate,higher,0.10412046166320066
t14_s05,Sprint 3,1,0.0,0.5956419477513227,50–75%,78.0,0.8022693876339709,t14,good teammate,higher,0.2066274398826482
t14_s05,Sprint 3,1,0.0,0.5956419477513227,50–75%,78.0,0.8022693876339709,t14,good teammate,higher,0.2066274398826482
t14_s05,Sprint 3,1,0.0,0.5956419477513227,50–75%,78.0,0.8022693876339709,t14,good teammate,higher,0.2066274398826482
t14_s05,Sprint 3,1,0.0,0.5956419477513227,50–75%,78.0,0.8022693876339709,t14,good teammate,higher,0.2066274398826482
t14_s05,Sprint 3,1,0.0,0.5956419477513227,50–75%,78.0,0.8022693876339709,t14,good teammate,higher,0.2066274398826482
t15_s01,Sprint 1,98,491.0,0.6309527381347141,50–75%,135.0,0.7886227475370994,t15,good teammate,higher,0.1576700094023853
t15_s01,Sprint 1,98,491.0,0.6309527381347141,50–75%,135.0,0.7886227475370994,t15,good teammate,higher,0.1576700094023853
t15_s01,Sprint 1,98,491.0,0.6309527381347141,50–75%,135.0,0.7886227475370994,t15,good teammate,higher,0.1576700094023853
t15_s01,Sprint 1,98,491.0,0.6309527381347141,50–75%,135.0,0.7886227475370994,t15,good teammate,higher,0.1576700094023853
t15_s01,Sprint 1,98,491.0,0.6309527381347141,50–75%,135.0,0.7886227475370994,t15,good teammate,higher,0.1576700094023853
t15_s01,Sprint 2,31,39.0,0.5264617251174876,50–75%,61.0,0.7387728431112837,t15,good teammate,higher,0.2123111179937961
t15_s01,Sprint 2,31,39.0,0.5264617251174876,50–75%,61.0,0.7387728431112837,t15,good teammate,higher,0.2123111179937961
t15_s01,Sprint 2,31,39.0,0.5264617251174876,50–75%,61.0,0.7387728431112837,t15,good teammate,higher,0.2123111179937961
t15_s01,Sprint 2,31,39.0,0.5264617251174876,50–75%,61.0,0.7387728431112837,t15,good teammate,higher,0.2123111179937961
t15_s01,Sprint 2,31,39.0,0.5264617251174876,50–75%,61.0,0.7387728431112837,t15,hitchhiker,lower,0.2123111179937961
t15_s01,Sprint 3,21,39.0,0.29787668886999247,25–50%,58.0,0.7264594807630907,t15,good teammate,higher,0.4285827918930983
t15_s01,Sprint 3,21,39.0,0.29787668886999247,25–50%,58.0,0.7264594807630907,t15,good teammate,higher,0.4285827918930983
t15_s01,Sprint 3,21,39.0,0.29787668886999247,25–50%,58.0,0.7264594807630907,t15,good teammate,higher,0.4285827918930983
t15_s01,Sprint 3,21,39.0,0.29787668886999247,25–50%,58.0,0.7264594807630907,t15,hitchhiker,lower,0.4285827918930983
t15_s01,Sprint 3,21,39.0,0.29787668886999247,25–50%,58.0,0.7264594807630907,t15,good teammate,higher,0.4285827918930983
t15_s02,Sprint 1,37,133.0,0.581415613056238,50–75%,147.0,0.7579206911089351,t15,good teammate,higher,0.1765050780526971
t15_s02,Sprint 1,37,133.0,0.581415613056238,50–75%,147.0,0.7579206911089351,t15,good teammate,higher,0.1765050780526971
t15_s02,Sprint 1,37,133.0,0.581415613056238,50–75%,147.0,0.7579206911089351,t15,good teammate,higher,0.1765050780526971
t15_s02,Sprint 1,37,133.0,0.581415613056238,50–75%,147.0,0.7579206911089351,t15,good teammate,higher,0.1765050780526971
t15_s02,Sprint 1,37,133.0,0.581415613056238,50–75%,147.0,0.7579206911089351,t15,good teammate,higher,0.1765050780526971
t15_s02,Sprint 3,3,0.0,0.49687127976190476,25–50%,74.0,0.6002009207868583,t15,good teammate,higher,0.10332964102495351
t15_s02,Sprint 3,3,0.0,0.49687127976190476,25–50%,74.0,0.6002009207868583,t15,good teammate,higher,0.10332964102495351
t15_s02,Sprint 3,3,0.0,0.49687127976190476,25–50%,74.0,0.6002009207868583,t15,good teammate,higher,0.10332964102495351
t15_s02,Sprint 3,3,0.0,0.49687127976190476,25–50%,74.0,0.6002009207868583,t15,lone wolf,higher,0.10332964102495351
t15_s02,Sprint 3,3,0.0,0.49687127976190476,25–50%,74.0,0.6002009207868583,t15,good teammate,higher,0.10332964102495351
t15_s03,Sprint 1,48,418.0,0.6815637220731622,50–75%,244.0,0.8504824392317989,t15,good teammate,higher,0.1689187171586367
t15_s03,Sprint 1,48,418.0,0.6815637220731622,50–75%,244.0,0.8504824392317989,t15,good teammate,higher,0.1689187171586367
t15_s03,Sprint 1,48,418.0,0.6815637220731622,50–75%,244.0,0.8504824392317989,t15,lone wolf,higher,0.1689187171586367
t15_s03,Sprint 1,48,418.0,0.6815637220731622,50–75%,244.0,0.8504824392317989,t15,good teammate,higher,0.1689187171586367
t15_s03,Sprint 1,48,418.0,0.6815637220731622,50–75%,244.0,0.8504824392317989,t15,good teammate,higher,0.1689187171586367
t15_s03,Sprint 2,3,5.0,0.408696500897741,25–50%,50.0,0.7869759864712514,t15,good teammate,higher,0.37827948557351043
t15_s03,Sprint 2,3,5.0,0.408696500897741,25–50%,50.0,0.7869759864712514,t15,good teammate,higher,0.37827948557351043
t15_s03,Sprint 2,3,5.0,0.408696500897741,25–50%,50.0,0.7869759864712514,t15,good teammate,higher,0.37827948557351043
t15_s03,Sprint 2,3,5.0,0.408696500897741,25–50%,50.0,0.7869759864712514,t15,good teammate,higher,0.37827948557351043
t15_s03,Sprint 2,3,5.0,0.408696500897741,25–50%,50.0,0.7869759864712514,t15,good teammate,higher,0.37827948557351043
t15_s03,Sprint 3,7,20.0,0.714984056122449,50–75%,78.0,0.9024525166191834,t15,good teammate,higher,0.18746846049673438
t15_s03,Sprint 3,7,20.0,0.714984056122449,50–75%,78.0,0.9024525166191834,t15,good teammate,higher,0.18746846049673438
t15_s03,Sprint 3,7,20.0,0.714984056122449,50–75%,78.0,0.9024525166191834,t15,good teammate,higher,0.18746846049673438
t15_s03,Sprint 3,7,20.0,0.714984056122449,50–75%,78.0,0.9024525166191834,t15,hitchhiker,lower,0.18746846049673438
t15_s03,Sprint 3,7,20.0,0.714984056122449,50–75%,78.0,0.9024525166191834,t15,couch potato,lower,0.18746846049673438
t15_s04,Sprint 1,21,38.0,0.4622879965327882,25–50%,63.0,0.760478127839239,t15,good teammate,higher,0.2981901313064508
t15_s04,Sprint 1,21,38.0,0.4622879965327882,25–50%,63.0,0.760478127839239,t15,good teammate,higher,0.2981901313064508
t15_s04,Sprint 1,21,38.0,0.4622879965327882,25–50%,63.0,0.760478127839239,t15,good teammate,higher,0.2981901313064508
t15_s04,Sprint 1,21,38.0,0.4622879965327882,25–50%,63.0,0.760478127839239,t15,good teammate,higher,0.2981901313064508
t15_s04,Sprint 1,21,38.0,0.4622879965327882,25–50%,63.0,0.760478127839239,t15,good teammate,higher,0.2981901313064508
t15_s05,Sprint 1,7,1.0,0.45708355880230883,25–50%,44.0,0.8120499323251454,t15,good teammate,higher,0.3549663735228366
t15_s05,Sprint 1,7,1.0,0.45708355880230883,25–50%,44.0,0.8120499323251454,t15,good teammate,higher,0.3549663735228366
t15_s05,Sprint 1,7,1.0,0.45708355880230883,25–50%,44.0,0.8120499323251454,t15,lone wolf,higher,0.3549663735228366
t15_s05,Sprint 1,7,1.0,0.45708355880230883,25–50%,44.0,0.8120499323251454,t15,good teammate,higher,0.3549663735228366
t15_s05,Sprint 1,7,1.0,0.45708355880230883,25–50%,44.0,0.8120499323251454,t15,hitchhiker,lower,0.3549663735228366
t16_s01,Sprint 1,27,68.0,0.5855820161491457,50–75%,85.0,0.7324181985294118,t16,good teammate,higher,0.14683618238026608
t16_s01,Sprint 1,27,68.0,0.5855820161491457,50–75%,85.0,0.7324181985294118,t16,good teammate,higher,0.14683618238026608
t16_s01,Sprint 1,27,68.0,0.5855820161491457,50–75%,85.0,0.7324181985294118,t16,good teammate,higher,0.14683618238026608
t16_s01,Sprint 1,27,68.0,0.5855820161491457,50–75%,85.0,0.7324181985294118,t16,good teammate,higher,0.14683618238026608
t16_s01,Sprint 1,27,68.0,0.5855820161491457,50–75%,85.0,0.7324181985294118,t16,good teammate,higher,0.14683618238026608
t16_s01,Sprint 2,38,398.0,0.29203251811415043,25–50%,54.0,0.5668490913561689,t16,good teammate,higher,0.27481657324201847
t16_s01,Sprint 2,38,398.0,0.29203251811415043,25–50%,54.0,0.5668490913561689,t16,good teammate,higher,0.27481657324201847
t16_s01,Sprint 2,38,398.0,0.29203251811415043,25–50%,54.0,0.5668490913561689,t16,good teammate,higher,0.27481657324201847
t16_s01,Sprint 2,38,398.0,0.29203251811415043,25–50%,54.0,0.5668490913561689,t16,good teammate,higher,0.27481657324201847
t16_s01,Sprint 2,38,398.0,0.29203251811415043,25–50%,54.0,0.5668490913561689,t16,good teammate,higher,0.27481657324201847
t16_s02,Sprint 1,38,86.0,0.6274018211168704,50–75%,136.0,0.7592919022485889,t16,good teammate,higher,0.13189008113171852
t16_s02,Sprint 1,38,86.0,0.6274018211168704,50–75%,136.0,0.7592919022485889,t16,good teammate,higher,0.13189008113171852
t16_s02,Sprint 1,38,86.0,0.6274018211168704,50–75%,136.0,0.7592919022485889,t16,good teammate,higher,0.13189008113171852
t16_s02,Sprint 1,38,86.0,0.6274018211168704,50–75%,136.0,0.7592919022485889,t16,good teammate,higher,0.13189008113171852
t16_s02,Sprint 1,38,86.0,0.6274018211168704,50–75%,136.0,0.7592919022485889,t16,good teammate,higher,0.13189008113171852
t16_s02,Sprint 2,26,246.0,0.2997349415585041,25–50%,49.0,0.6319248556243241,t16,good teammate,higher,0.33218991406582
t16_s02,Sprint 2,26,246.0,0.2997349415585041,25–50%,49.0,0.6319248556243241,t16,good teammate,higher,0.33218991406582
t16_s02,Sprint 2,26,246.0,0.2997349415585041,25–50%,49.0,0.6319248556243241,t16,good teammate,higher,0.33218991406582
t16_s02,Sprint 2,26,246.0,0.2997349415585041,25–50%,49.0,0.6319248556243241,t16,good teammate,higher,0.33218991406582
t16_s02,Sprint 2,26,246.0,0.2997349415585041,25–50%,49.0,0.6319248556243241,t16,good teammate,higher,0.33218991406582
t16_s03,Sprint 1,40,123.0,0.6200041035353536,50–75%,49.0,0.8693716662801484,t16,good teammate,higher,0.24936756274479477
t16_s03,Sprint 1,40,123.0,0.6200041035353536,50–75%,49.0,0.8693716662801484,t16,good teammate,higher,0.24936756274479477
t16_s03,Sprint 1,40,123.0,0.6200041035353536,50–75%,49.0,0.8693716662801484,t16,good teammate,higher,0.24936756274479477
t16_s03,Sprint 1,40,123.0,0.6200041035353536,50–75%,49.0,0.8693716662801484,t16,good teammate,higher,0.24936756274479477
t16_s03,Sprint 1,40,123.0,0.6200041035353536,50–75%,49.0,0.8693716662801484,t16,good teammate,higher,0.24936756274479477
t16_s03,Sprint 2,4,0.0,0.5991085744707504,50–75%,65.0,0.7896928376646528,t16,good teammate,higher,0.19058426319390243
t16_s03,Sprint 2,4,0.0,0.5991085744707504,50–75%,65.0,0.7896928376646528,t16,good teammate,higher,0.19058426319390243
t16_s03,Sprint 2,4,0.0,0.5991085744707504,50–75%,65.0,0.7896928376646528,t16,good teammate,higher,0.19058426319390243
t16_s03,Sprint 2,4,0.0,0.5991085744707504,50–75%,65.0,0.7896928376646528,t16,good teammate,higher,0.19058426319390243
t16_s03,Sprint 2,4,0.0,0.5991085744707504,50–75%,65.0,0.7896928376646528,t16,good teammate,higher,0.19058426319390243
t16_s03,Sprint 3,1,3.0,0.9022156084656084,75–100%,33.0,0.7982349537037037,t16,good teammate,higher,-0.10398065476190477
t16_s03,Sprint 3,1,3.0,0.9022156084656084,75–100%,33.0,0.7982349537037037,t16,good teammate,higher,-0.10398065476190477
t16_s03,Sprint 3,1,3.0,0.9022156084656084,75–100%,33.0,0.7982349537037037,t16,good teammate,higher,-0.10398065476190477
t16_s03,Sprint 3,1,3.0,0.9022156084656084,75–100%,33.0,0.7982349537037037,t16,good teammate,higher,-0.10398065476190477
t16_s03,Sprint 3,1,3.0,0.9022156084656084,75–100%,33.0,0.7982349537037037,t16,good teammate,higher,-0.10398065476190477
t16_s04,Sprint 1,4,3.0,0.4274449573863636,25–50%,8.0,0.8144384930029461,t16,hitchhiker,lower,0.3869935356165825
t16_s04,Sprint 1,4,3.0,0.4274449573863636,25–50%,8.0,0.8144384930029461,t16,hitchhiker,lower,0.3869935356165825
t16_s04,Sprint 1,4,3.0,0.4274449573863636,25–50%,8.0,0.8144384930029461,t16,hitchhiker,lower,0.3869935356165825
t16_s04,Sprint 1,4,3.0,0.4274449573863636,25–50%,8.0,0.8144384930029461,t16,lone wolf,higher,0.3869935356165825
t16_s04,Sprint 1,4,3.0,0.4274449573863636,25–50%,8.0,0.8144384930029461,t16,couch potato,lower,0.3869935356165825
t16_s05,Sprint 1,6,6.0,0.3847006523569023,25–50%,30.0,0.9000891905162739,t16,good teammate,higher,0.5153885381593716
t16_s05,Sprint 1,6,6.0,0.3847006523569023,25–50%,30.0,0.9000891905162739,t16,good teammate,higher,0.5153885381593716
t16_s05,Sprint 1,6,6.0,0.3847006523569023,25–50%,30.0,0.9000891905162739,t16,good teammate,higher,0.5153885381593716
t16_s05,Sprint 1,6,6.0,0.3847006523569023,25–50%,30.0,0.9000891905162739,t16,good teammate,higher,0.5153885381593716
t16_s05,Sprint 1,6,6.0,0.3847006523569023,25–50%,30.0,0.9000891905162739,t16,good teammate,higher,0.5153885381593716
t17_s01,Sprint 1,80,314.0,0.735871195680766,50–75%,221.0,0.6951562630928441,t17,good teammate,higher,-0.040714932587921915
t17_s01,Sprint 1,80,314.0,0.735871195680766,50–75%,221.0,0.6951562630928441,t17,good teammate,higher,-0.040714932587921915
t17_s01,Sprint 1,80,314.0,0.735871195680766,50–75%,221.0,0.6951562630928441,t17,good teammate,higher,-0.040714932587921915
t17_s01,Sprint 1,80,314.0,0.735871195680766,50–75%,221.0,0.6951562630928441,t17,lone wolf,higher,-0.040714932587921915
t17_s01,Sprint 1,80,314.0,0.735871195680766,50–75%,221.0,0.6951562630928441,t17,good teammate,higher,-0.040714932587921915
t17_s01,Sprint 2,68,322.0,0.6685708647419885,50–75%,98.0,0.7521319187201375,t17,good teammate,higher,0.08356105397814906
t17_s01,Sprint 2,68,322.0,0.6685708647419885,50–75%,98.0,0.7521319187201375,t17,good teammate,higher,0.08356105397814906
t17_s01,Sprint 2,68,322.0,0.6685708647419885,50–75%,98.0,0.7521319187201375,t17,good teammate,higher,0.08356105397814906
t17_s01,Sprint 2,68,322.0,0.6685708647419885,50–75%,98.0,0.7521319187201375,t17,good teammate,higher,0.08356105397814906
t17_s01,Sprint 2,68,322.0,0.6685708647419885,50–75%,98.0,0.7521319187201375,t17,good teammate,higher,0.08356105397814906
t17_s01,Sprint 3,60,54.0,0.5953203538359788,50–75%,126.0,0.6605226573654153,t17,good teammate,higher,0.06520230352943646
t17_s01,Sprint 3,60,54.0,0.5953203538359788,50–75%,126.0,0.6605226573654153,t17,good teammate,higher,0.06520230352943646
t17_s01,Sprint 3,60,54.0,0.5953203538359788,50–75%,126.0,0.6605226573654153,t17,good teammate,higher,0.06520230352943646
t17_s01,Sprint 3,60,54.0,0.5953203538359788,50–75%,126.0,0.6605226573654153,t17,good teammate,higher,0.06520230352943646
t17_s01,Sprint 3,60,54.0,0.5953203538359788,50–75%,126.0,0.6605226573654153,t17,good teammate,higher,0.06520230352943646
t17_s02,Sprint 1,14,28.0,0.7402114147426647,50–75%,84.0,0.64668478873557,t17,good teammate,higher,-0.09352662600709472
t17_s02,Sprint 1,14,28.0,0.7402114147426647,50–75%,84.0,0.64668478873557,t17,good teammate,higher,-0.09352662600709472
t17_s02,Sprint 1,14,28.0,0.7402114147426647,50–75%,84.0,0.64668478873557,t17,good teammate,higher,-0.09352662600709472
t17_s02,Sprint 1,14,28.0,0.7402114147426647,50–75%,84.0,0.64668478873557,t17,good teammate,higher,-0.09352662600709472
t17_s02,Sprint 1,14,28.0,0.7402114147426647,50–75%,84.0,0.64668478873557,t17,good teammate,higher,-0.09352662600709472
t17_s02,Sprint 2,17,26.0,0.3878190603561981,25–50%,88.0,0.7689495469064944,t17,good teammate,higher,0.3811304865502963
t17_s02,Sprint 2,17,26.0,0.3878190603561981,25–50%,88.0,0.7689495469064944,t17,good teammate,higher,0.3811304865502963
t17_s02,Sprint 2,17,26.0,0.3878190603561981,25–50%,88.0,0.7689495469064944,t17,good teammate,higher,0.3811304865502963
t17_s02,Sprint 2,17,26.0,0.3878190603561981,25–50%,88.0,0.7689495469064944,t17,good teammate,higher,0.3811304865502963
t17_s02,Sprint 2,17,26.0,0.3878190603561981,25–50%,88.0,0.7689495469064944,t17,good teammate,higher,0.3811304865502963
t17_s02,Sprint 3,12,10.0,0.7043001129850088,50–75%,114.0,0.8135369565406572,t17,good teammate,higher,0.10923684355564833
t17_s02,Sprint 3,12,10.0,0.7043001129850088,50–75%,114.0,0.8135369565406572,t17,good teammate,higher,0.10923684355564833
t17_s02,Sprint 3,12,10.0,0.7043001129850088,50–75%,114.0,0.8135369565406572,t17,good teammate,higher,0.10923684355564833
t17_s02,Sprint 3,12,10.0,0.7043001129850088,50–75%,114.0,0.8135369565406572,t17,good teammate,higher,0.10923684355564833
t17_s02,Sprint 3,12,10.0,0.7043001129850088,50–75%,114.0,0.8135369565406572,t17,good teammate,higher,0.10923684355564833
t17_s03,Sprint 1,32,124.0,0.8690381516992846,75–100%,38.0,0.8821749983386497,t17,good teammate,higher,0.013136846639365096
t17_s03,Sprint 1,32,124.0,0.8690381516992846,75–100%,38.0,0.8821749983386497,t17,hitchhiker,lower,0.013136846639365096
t17_s03,Sprint 1,32,124.0,0.8690381516992846,75–100%,38.0,0.8821749983386497,t17,couch potato,lower,0.013136846639365096
t17_s03,Sprint 1,32,124.0,0.8690381516992846,75–100%,38.0,0.8821749983386497,t17,good teammate,higher,0.013136846639365096
t17_s03,Sprint 1,32,124.0,0.8690381516992846,75–100%,38.0,0.8821749983386497,t17,good teammate,higher,0.013136846639365096
t17_s03,Sprint 2,52,266.0,0.6103550212470731,50–75%,35.0,0.5801167212469355,t17,good teammate,higher,-0.030238300000137608
t17_s03,Sprint 2,52,266.0,0.6103550212470731,50–75%,35.0,0.5801167212469355,t17,hitchhiker,lower,-0.030238300000137608
t17_s03,Sprint 2,52,266.0,0.6103550212470731,50–75%,35.0,0.5801167212469355,t17,good teammate,higher,-0.030238300000137608
t17_s03,Sprint 2,52,266.0,0.6103550212470731,50–75%,35.0,0.5801167212469355,t17,good teammate,higher,-0.030238300000137608
t17_s03,Sprint 2,52,266.0,0.6103550212470731,50–75%,35.0,0.5801167212469355,t17,good teammate,higher,-0.030238300000137608
t17_s03,Sprint 3,28,80.0,0.7165110662320483,50–75%,76.0,0.8057151722622529,t17,good teammate,higher,0.08920410603020457
t17_s03,Sprint 3,28,80.0,0.7165110662320483,50–75%,76.0,0.8057151722622529,t17,good teammate,higher,0.08920410603020457
t17_s03,Sprint 3,28,80.0,0.7165110662320483,50–75%,76.0,0.8057151722622529,t17,good teammate,higher,0.08920410603020457
t17_s03,Sprint 3,28,80.0,0.7165110662320483,50–75%,76.0,0.8057151722622529,t17,good teammate,higher,0.08920410603020457
t17_s03,Sprint 3,28,80.0,0.7165110662320483,50–75%,76.0,0.8057151722622529,t17,good teammate,higher,0.08920410603020457
t17_s04,Sprint 1,33,145.0,0.7890899806892454,75–100%,130.0,0.8029161061739187,t17,good teammate,higher,0.013826125484673324
t17_s04,Sprint 1,33,145.0,0.7890899806892454,75–100%,130.0,0.8029161061739187,t17,good teammate,higher,0.013826125484673324
t17_s04,Sprint 1,33,145.0,0.7890899806892454,75–100%,130.0,0.8029161061739187,t17,good teammate,higher,0.013826125484673324
t17_s04,Sprint 1,33,145.0,0.7890899806892454,75–100%,130.0,0.8029161061739187,t17,good teammate,higher,0.013826125484673324
t17_s04,Sprint 1,33,145.0,0.7890899806892454,75–100%,130.0,0.8029161061739187,t17,good teammate,higher,0.013826125484673324
t17_s04,Sprint 2,26,172.0,0.5943620698792627,50–75%,82.0,0.6320689544550463,t17,good teammate,higher,0.03770688457578364
t17_s04,Sprint 2,26,172.0,0.5943620698792627,50–75%,82.0,0.6320689544550463,t17,lone wolf,higher,0.03770688457578364
t17_s04,Sprint 2,26,172.0,0.5943620698792627,50–75%,82.0,0.6320689544550463,t17,good teammate,higher,0.03770688457578364
t17_s04,Sprint 2,26,172.0,0.5943620698792627,50–75%,82.0,0.6320689544550463,t17,good teammate,higher,0.03770688457578364
t17_s04,Sprint 2,26,172.0,0.5943620698792627,50–75%,82.0,0.6320689544550463,t17,good teammate,higher,0.03770688457578364
t17_s04,Sprint 3,17,25.0,0.525243833644569,50–75%,127.0,0.41723152444486106,t17,good teammate,higher,-0.10801230919970789
t17_s04,Sprint 3,17,25.0,0.525243833644569,50–75%,127.0,0.41723152444486106,t17,good teammate,higher,-0.10801230919970789
t17_s04,Sprint 3,17,25.0,0.525243833644569,50–75%,127.0,0.41723152444486106,t17,good teammate,higher,-0.10801230919970789
t17_s04,Sprint 3,17,25.0,0.525243833644569,50–75%,127.0,0.41723152444486106,t17,good teammate,higher,-0.10801230919970789
t17_s04,Sprint 3,17,25.0,0.525243833644569,50–75%,127.0,0.41723152444486106,t17,good teammate,higher,-0.10801230919970789
t17_s05,Sprint 1,16,48.0,0.640580281986532,50–75%,78.0,0.7587907014860139,t17,good teammate,higher,0.11821041949948186
t17_s05,Sprint 1,16,48.0,0.640580281986532,50–75%,78.0,0.7587907014860139,t17,good teammate,higher,0.11821041949948186
t17_s05,Sprint 1,16,48.0,0.640580281986532,50–75%,78.0,0.7587907014860139,t17,good teammate,higher,0.11821041949948186
t17_s05,Sprint 1,16,48.0,0.640580281986532,50–75%,78.0,0.7587907014860139,t17,good teammate,higher,0.11821041949948186
t17_s05,Sprint 1,16,48.0,0.640580281986532,50–75%,78.0,0.7587907014860139,t17,good teammate,higher,0.11821041949948186
t17_s05,Sprint 2,12,30.0,0.5550043321224268,50–75%,41.0,0.7323730916001381,t17,good teammate,higher,0.17736875947771125
t17_s05,Sprint 2,12,30.0,0.5550043321224268,50–75%,41.0,0.7323730916001381,t17,good teammate,higher,0.17736875947771125
t17_s05,Sprint 2,12,30.0,0.5550043321224268,50–75%,41.0,0.7323730916001381,t17,good teammate,higher,0.17736875947771125
t17_s05,Sprint 2,12,30.0,0.5550043321224268,50–75%,41.0,0.7323730916001381,t17,good teammate,higher,0.17736875947771125
t17_s05,Sprint 2,12,30.0,0.5550043321224268,50–75%,41.0,0.7323730916001381,t17,good teammate,higher,0.17736875947771125
t17_s05,Sprint 3,14,34.0,0.7406365150226757,50–75%,62.0,0.8064800613905956,t17,good teammate,higher,0.06584354636791989
t17_s05,Sprint 3,14,34.0,0.7406365150226757,50–75%,62.0,0.8064800613905956,t17,good teammate,higher,0.06584354636791989
t17_s05,Sprint 3,14,34.0,0.7406365150226757,50–75%,62.0,0.8064800613905956,t17,good teammate,higher,0.06584354636791989
t17_s05,Sprint 3,14,34.0,0.7406365150226757,50–75%,62.0,0.8064800613905956,t17,good teammate,higher,0.06584354636791989
t17_s05,Sprint 3,14,34.0,0.7406365150226757,50–75%,62.0,0.8064800613905956,t17,good teammate,higher,0.06584354636791989
t18_s01,Sprint 1,42,177.0,0.7499284511784512,50–75%,49.0,0.8145990249003642,t18,good teammate,higher,0.06467057372191298
t18_s01,Sprint 1,42,177.0,0.7499284511784512,50–75%,49.0,0.8145990249003642,t18,good teammate,higher,0.06467057372191298
t18_s01,Sprint 1,42,177.0,0.7499284511784512,50–75%,49.0,0.8145990249003642,t18,good teammate,higher,0.06467057372191298
t18_s01,Sprint 1,42,177.0,0.7499284511784512,50–75%,49.0,0.8145990249003642,t18,good teammate,higher,0.06467057372191298
t18_s01,Sprint 1,42,177.0,0.7499284511784512,50–75%,49.0,0.8145990249003642,t18,good teammate,higher,0.06467057372191298
t18_s01,Sprint 2,41,477.0,0.7584997846032575,75–100%,50.0,0.8611681197544783,t18,couch potato,lower,0.10266833515122076
t18_s01,Sprint 2,41,477.0,0.7584997846032575,75–100%,50.0,0.8611681197544783,t18,good teammate,higher,0.10266833515122076
t18_s01,Sprint 2,41,477.0,0.7584997846032575,75–100%,50.0,0.8611681197544783,t18,good teammate,higher,0.10266833515122076
t18_s01,Sprint 2,41,477.0,0.7584997846032575,75–100%,50.0,0.8611681197544783,t18,good teammate,higher,0.10266833515122076
t18_s01,Sprint 3,51,263.0,0.7285063800493489,50–75%,30.0,0.7471759397045855,t18,good teammate,higher,0.018669559655236645
t18_s01,Sprint 3,51,263.0,0.7285063800493489,50–75%,30.0,0.7471759397045855,t18,good teammate,higher,0.018669559655236645
t18_s01,Sprint 3,51,263.0,0.7285063800493489,50–75%,30.0,0.7471759397045855,t18,couch potato,lower,0.018669559655236645
t18_s01,Sprint 3,51,263.0,0.7285063800493489,50–75%,30.0,0.7471759397045855,t18,good teammate,higher,0.018669559655236645
t18_s01,Sprint 3,51,263.0,0.7285063800493489,50–75%,30.0,0.7471759397045855,t18,good teammate,higher,0.018669559655236645
t18_s01,Sprint 3,51,263.0,0.7285063800493489,50–75%,30.0,0.7471759397045855,t18,good teammate,higher,0.018669559655236645
t18_s02,Sprint 1,193,1494.0,0.7212993097534063,50–75%,104.0,0.7567200045325045,t18,good teammate,higher,0.03542069477909826
t18_s02,Sprint 1,193,1494.0,0.7212993097534063,50–75%,104.0,0.7567200045325045,t18,good teammate,higher,0.03542069477909826
t18_s02,Sprint 1,193,1494.0,0.7212993097534063,50–75%,104.0,0.7567200045325045,t18,good teammate,higher,0.03542069477909826
t18_s02,Sprint 1,193,1494.0,0.7212993097534063,50–75%,104.0,0.7567200045325045,t18,good teammate,higher,0.03542069477909826
t18_s02,Sprint 1,193,1494.0,0.7212993097534063,50–75%,104.0,0.7567200045325045,t18,good teammate,higher,0.03542069477909826
t18_s02,Sprint 2,151,1767.0,0.6884990497190636,50–75%,100.0,0.6574342195916322,t18,good teammate,higher,-0.031064830127431442
t18_s02,Sprint 2,151,1767.0,0.6884990497190636,50–75%,100.0,0.6574342195916322,t18,good teammate,higher,-0.031064830127431442
t18_s02,Sprint 2,151,1767.0,0.6884990497190636,50–75%,100.0,0.6574342195916322,t18,good teammate,higher,-0.031064830127431442
t18_s02,Sprint 2,151,1767.0,0.6884990497190636,50–75%,100.0,0.6574342195916322,t18,good teammate,higher,-0.031064830127431442
t18_s02,Sprint 3,213,3458.0,0.7237066146881288,50–75%,80.0,0.6379186042906746,t18,good teammate,higher,-0.0857880103974542
t18_s02,Sprint 3,213,3458.0,0.7237066146881288,50–75%,80.0,0.6379186042906746,t18,good teammate,higher,-0.0857880103974542
t18_s02,Sprint 3,213,3458.0,0.7237066146881288,50–75%,80.0,0.6379186042906746,t18,good teammate,higher,-0.0857880103974542
t18_s02,Sprint 3,213,3458.0,0.7237066146881288,50–75%,80.0,0.6379186042906746,t18,good teammate,higher,-0.0857880103974542
t18_s02,Sprint 3,213,3458.0,0.7237066146881288,50–75%,80.0,0.6379186042906746,t18,good teammate,higher,-0.0857880103974542
t18_s02,Sprint 3,213,3458.0,0.7237066146881288,50–75%,80.0,0.6379186042906746,t18,good teammate,higher,-0.0857880103974542
t18_s03,Sprint 1,183,1934.0,0.7493181473201965,50–75%,77.0,0.7599124428811929,t18,good teammate,higher,0.010594295560996336
t18_s03,Sprint 1,183,1934.0,0.7493181473201965,50–75%,77.0,0.7599124428811929,t18,good teammate,higher,0.010594295560996336
t18_s03,Sprint 1,183,1934.0,0.7493181473201965,50–75%,77.0,0.7599124428811929,t18,good teammate,higher,0.010594295560996336
t18_s03,Sprint 1,183,1934.0,0.7493181473201965,50–75%,77.0,0.7599124428811929,t18,good teammate,higher,0.010594295560996336
t18_s03,Sprint 1,183,1934.0,0.7493181473201965,50–75%,77.0,0.7599124428811929,t18,good teammate,higher,0.010594295560996336
t18_s03,Sprint 2,133,1729.0,0.6136234046220398,50–75%,78.0,0.6544363543362979,t18,good teammate,higher,0.040812949714258084
t18_s03,Sprint 2,133,1729.0,0.6136234046220398,50–75%,78.0,0.6544363543362979,t18,good teammate,higher,0.040812949714258084
t18_s03,Sprint 2,133,1729.0,0.6136234046220398,50–75%,78.0,0.6544363543362979,t18,good teammate,higher,0.040812949714258084
t18_s03,Sprint 2,133,1729.0,0.6136234046220398,50–75%,78.0,0.6544363543362979,t18,good teammate,higher,0.040812949714258084
t18_s03,Sprint 3,219,3036.0,0.6678954701807156,50–75%,56.0,0.7158269336380386,t18,good teammate,higher,0.04793146345732302
t18_s03,Sprint 3,219,3036.0,0.6678954701807156,50–75%,56.0,0.7158269336380386,t18,good teammate,higher,0.04793146345732302
t18_s03,Sprint 3,219,3036.0,0.6678954701807156,50–75%,56.0,0.7158269336380386,t18,good teammate,higher,0.04793146345732302
t18_s03,Sprint 3,219,3036.0,0.6678954701807156,50–75%,56.0,0.7158269336380386,t18,good teammate,higher,0.04793146345732302
t18_s03,Sprint 3,219,3036.0,0.6678954701807156,50–75%,56.0,0.7158269336380386,t18,good teammate,higher,0.04793146345732302
t18_s03,Sprint 3,219,3036.0,0.6678954701807156,50–75%,56.0,0.7158269336380386,t18,good teammate,higher,0.04793146345732302
t18_s04,Sprint 3,120,3299.0,0.8850813806353579,75–100%,37.0,0.9114814703095954,t18,good teammate,higher,0.02640008967423746
t18_s04,Sprint 3,120,3299.0,0.8850813806353579,75–100%,37.0,0.9114814703095954,t18,good teammate,higher,0.02640008967423746
t18_s04,Sprint 3,120,3299.0,0.8850813806353579,75–100%,37.0,0.9114814703095954,t18,good teammate,higher,0.02640008967423746
t18_s04,Sprint 3,120,3299.0,0.8850813806353579,75–100%,37.0,0.9114814703095954,t18,good teammate,higher,0.02640008967423746
t18_s04,Sprint 3,120,3299.0,0.8850813806353579,75–100%,37.0,0.9114814703095954,t18,good teammate,higher,0.02640008967423746
t18_s04,Sprint 3,120,3299.0,0.8850813806353579,75–100%,37.0,0.9114814703095954,t18,good teammate,higher,0.02640008967423746
t18_s05,Sprint 1,16,63.0,0.8112811875263047,75–100%,51.0,0.7793343875850004,t18,couch potato,lower,-0.03194679994130434
t18_s05,Sprint 1,16,63.0,0.8112811875263047,75–100%,51.0,0.7793343875850004,t18,good teammate,higher,-0.03194679994130434
t18_s05,Sprint 1,16,63.0,0.8112811875263047,75–100%,51.0,0.7793343875850004,t18,good teammate,higher,-0.03194679994130434
t18_s05,Sprint 1,16,63.0,0.8112811875263047,75–100%,51.0,0.7793343875850004,t18,good teammate,higher,-0.03194679994130434
t18_s05,Sprint 1,16,63.0,0.8112811875263047,75–100%,51.0,0.7793343875850004,t18,good teammate,higher,-0.03194679994130434
t18_s05,Sprint 2,15,145.0,0.8294699569919413,75–100%,28.0,0.8496611549542779,t18,couch potato,lower,0.020191197962336593
t18_s05,Sprint 2,15,145.0,0.8294699569919413,75–100%,28.0,0.8496611549542779,t18,good teammate,higher,0.020191197962336593
t18_s05,Sprint 2,15,145.0,0.8294699569919413,75–100%,28.0,0.8496611549542779,t18,good teammate,higher,0.020191197962336593
t18_s05,Sprint 2,15,145.0,0.8294699569919413,75–100%,28.0,0.8496611549542779,t18,good teammate,higher,0.020191197962336593
t18_s05,Sprint 3,28,222.0,0.7761466010015117,75–100%,49.0,0.7655875782852823,t18,good teammate,higher,-0.010559022716229327
t18_s05,Sprint 3,28,222.0,0.7761466010015117,75–100%,49.0,0.7655875782852823,t18,good teammate,higher,-0.010559022716229327
t18_s05,Sprint 3,28,222.0,0.7761466010015117,75–100%,49.0,0.7655875782852823,t18,good teammate,higher,-0.010559022716229327
t18_s05,Sprint 3,28,222.0,0.7761466010015117,75–100%,49.0,0.7655875782852823,t18,good teammate,higher,-0.010559022716229327
t18_s05,Sprint 3,28,222.0,0.7761466010015117,75–100%,49.0,0.7655875782852823,t18,good teammate,higher,-0.010559022716229327
t18_s05,Sprint 3,28,222.0,0.7761466010015117,75–100%,49.0,0.7655875782852823,t18,good teammate,higher,-0.010559022716229327
t18_s06,Sprint 1,22,161.0,0.7091413184879094,50–75%,53.0,0.7686332517390889,t18,couch potato,lower,0.05949193325117952
t18_s06,Sprint 1,22,161.0,0.7091413184879094,50–75%,53.0,0.7686332517390889,t18,good teammate,higher,0.05949193325117952
t18_s06,Sprint 1,22,161.0,0.7091413184879094,50–75%,53.0,0.7686332517390889,t18,good teammate,higher,0.05949193325117952
t18_s06,Sprint 1,22,161.0,0.7091413184879094,50–75%,53.0,0.7686332517390889,t18,good teammate,higher,0.05949193325117952
t18_s06,Sprint 1,22,161.0,0.7091413184879094,50–75%,53.0,0.7686332517390889,t18,good teammate,higher,0.05949193325117952
t18_s06,Sprint 2,16,518.0,0.6623662979143179,50–75%,20.0,0.7790062006764374,t18,couch potato,lower,0.11663990276211955
t18_s06,Sprint 2,16,518.0,0.6623662979143179,50–75%,20.0,0.7790062006764374,t18,good teammate,higher,0.11663990276211955
t18_s06,Sprint 2,16,518.0,0.6623662979143179,50–75%,20.0,0.7790062006764374,t18,couch potato,lower,0.11663990276211955
t18_s06,Sprint 2,16,518.0,0.6623662979143179,50–75%,20.0,0.7790062006764374,t18,lone wolf,higher,0.11663990276211955
t18_s06,Sprint 3,6,34.0,0.46401275903880074,25–50%,6.0,0.6787974674823634,t18,good teammate,higher,0.21478470844356262
t18_s06,Sprint 3,6,34.0,0.46401275903880074,25–50%,6.0,0.6787974674823634,t18,couch potato,lower,0.21478470844356262
t18_s06,Sprint 3,6,34.0,0.46401275903880074,25–50%,6.0,0.6787974674823634,t18,couch potato,lower,0.21478470844356262
t18_s06,Sprint 3,6,34.0,0.46401275903880074,25–50%,6.0,0.6787974674823634,t18,couch potato,lower,0.21478470844356262
t18_s06,Sprint 3,6,34.0,0.46401275903880074,25–50%,6.0,0.6787974674823634,t18,good teammate,higher,0.21478470844356262
t18_s06,Sprint 3,6,34.0,0.46401275903880074,25–50%,6.0,0.6787974674823634,t18,hitchhiker,lower,0.21478470844356262
t19_s01,Sprint 1,13,2.0,0.4329932538526288,25–50%,121.0,0.8907734085865543,t19,good teammate,higher,0.45778015473392547
t19_s01,Sprint 1,13,2.0,0.4329932538526288,25–50%,121.0,0.8907734085865543,t19,good teammate,higher,0.45778015473392547
t19_s01,Sprint 1,13,2.0,0.4329932538526288,25–50%,121.0,0.8907734085865543,t19,good teammate,higher,0.45778015473392547
t19_s01,Sprint 1,13,2.0,0.4329932538526288,25–50%,121.0,0.8907734085865543,t19,good teammate,higher,0.45778015473392547
t19_s01,Sprint 1,13,2.0,0.4329932538526288,25–50%,121.0,0.8907734085865543,t19,good teammate,higher,0.45778015473392547
t19_s01,Sprint 3,1,0.0,0.6369002149470899,50–75%,37.0,0.8163015917703418,t19,good teammate,higher,0.17940137682325186
t19_s01,Sprint 3,1,0.0,0.6369002149470899,50–75%,37.0,0.8163015917703418,t19,good teammate,higher,0.17940137682325186
t19_s01,Sprint 3,1,0.0,0.6369002149470899,50–75%,37.0,0.8163015917703418,t19,good teammate,higher,0.17940137682325186
t19_s01,Sprint 3,1,0.0,0.6369002149470899,50–75%,37.0,0.8163015917703418,t19,good teammate,higher,0.17940137682325186
t19_s01,Sprint 3,1,0.0,0.6369002149470899,50–75%,37.0,0.8163015917703418,t19,good teammate,higher,0.17940137682325186
t19_s02,Sprint 3,2,0.0,0.3002734375,25–50%,38.0,0.8279797801796157,t19,lone wolf,higher,0.5277063426796157
t19_s02,Sprint 3,2,0.0,0.3002734375,25–50%,38.0,0.8279797801796157,t19,good teammate,higher,0.5277063426796157
t19_s02,Sprint 3,2,0.0,0.3002734375,25–50%,38.0,0.8279797801796157,t19,good teammate,higher,0.5277063426796157
t19_s02,Sprint 3,2,0.0,0.3002734375,25–50%,38.0,0.8279797801796157,t19,good teammate,higher,0.5277063426796157
t19_s02,Sprint 3,2,0.0,0.3002734375,25–50%,38.0,0.8279797801796157,t19,good teammate,higher,0.5277063426796157
t19_s03,Sprint 1,8,0.0,0.31088357533670036,25–50%,,,t19,hitchhiker,lower,
t19_s03,Sprint 1,8,0.0,0.31088357533670036,25–50%,,,t19,hitchhiker,lower,
t19_s03,Sprint 1,8,0.0,0.31088357533670036,25–50%,,,t19,couch potato,lower,
t19_s03,Sprint 1,8,0.0,0.31088357533670036,25–50%,,,t19,couch potato,lower,
t19_s04,Sprint 1,5,0.0,0.3099168244949495,25–50%,96.0,0.8865981127463876,t19,good teammate,higher,0.576681288251438
t19_s04,Sprint 1,5,0.0,0.3099168244949495,25–50%,96.0,0.8865981127463876,t19,good teammate,higher,0.576681288251438
t19_s04,Sprint 1,5,0.0,0.3099168244949495,25–50%,96.0,0.8865981127463876,t19,good teammate,higher,0.576681288251438
t19_s04,Sprint 1,5,0.0,0.3099168244949495,25–50%,96.0,0.8865981127463876,t19,good teammate,higher,0.576681288251438
t19_s04,Sprint 1,5,0.0,0.3099168244949495,25–50%,96.0,0.8865981127463876,t19,good teammate,higher,0.576681288251438
t19_s05,Sprint 1,7,0.0,0.30081815175565174,25–50%,94.0,0.7955221681576402,t19,good teammate,higher,0.49470401640198847
t19_s05,Sprint 1,7,0.0,0.30081815175565174,25–50%,94.0,0.7955221681576402,t19,good teammate,higher,0.49470401640198847
t19_s05,Sprint 1,7,0.0,0.30081815175565174,25–50%,94.0,0.7955221681576402,t19,good teammate,higher,0.49470401640198847
t19_s05,Sprint 1,7,0.0,0.30081815175565174,25–50%,94.0,0.7955221681576402,t19,good teammate,higher,0.49470401640198847
t19_s05,Sprint 1,7,0.0,0.30081815175565174,25–50%,94.0,0.7955221681576402,t19,good teammate,higher,0.49470401640198847
t19_s06,Sprint 1,2,0.0,0.32196851325757575,25–50%,85.0,0.923673085016835,t19,good teammate,higher,0.6017045717592593
t19_s06,Sprint 1,2,0.0,0.32196851325757575,25–50%,85.0,0.923673085016835,t19,good teammate,higher,0.6017045717592593
t19_s06,Sprint 1,2,0.0,0.32196851325757575,25–50%,85.0,0.923673085016835,t19,good teammate,higher,0.6017045717592593
t19_s06,Sprint 1,2,0.0,0.32196851325757575,25–50%,85.0,0.923673085016835,t19,good teammate,higher,0.6017045717592593
t19_s06,Sprint 1,2,0.0,0.32196851325757575,25–50%,85.0,0.923673085016835,t19,good teammate,higher,0.6017045717592593
t20_s01,Sprint 1,51,12955.0,0.7613330764755397,75–100%,79.0,0.7358743387194733,t20,couch potato,lower,-0.02545873775606644
t20_s01,Sprint 1,51,12955.0,0.7613330764755397,75–100%,79.0,0.7358743387194733,t20,good teammate,higher,-0.02545873775606644
t20_s01,Sprint 1,51,12955.0,0.7613330764755397,75–100%,79.0,0.7358743387194733,t20,good teammate,higher,-0.02545873775606644
t20_s01,Sprint 1,51,12955.0,0.7613330764755397,75–100%,79.0,0.7358743387194733,t20,good teammate,higher,-0.02545873775606644
t20_s01,Sprint 1,51,12955.0,0.7613330764755397,75–100%,79.0,0.7358743387194733,t20,good teammate,higher,-0.02545873775606644
t20_s01,Sprint 1,51,12955.0,0.7613330764755397,75–100%,79.0,0.7358743387194733,t20,good teammate,higher,-0.02545873775606644
t20_s01,Sprint 2,15,5335.0,0.7008684078667168,50–75%,35.0,0.943135368014173,t20,good teammate,higher,0.2422669601474562
t20_s01,Sprint 2,15,5335.0,0.7008684078667168,50–75%,35.0,0.943135368014173,t20,good teammate,higher,0.2422669601474562
t20_s01,Sprint 2,15,5335.0,0.7008684078667168,50–75%,35.0,0.943135368014173,t20,couch potato,lower,0.2422669601474562
t20_s01,Sprint 2,15,5335.0,0.7008684078667168,50–75%,35.0,0.943135368014173,t20,good teammate,higher,0.2422669601474562
t20_s01,Sprint 2,15,5335.0,0.7008684078667168,50–75%,35.0,0.943135368014173,t20,good teammate,higher,0.2422669601474562
t20_s01,Sprint 2,15,5335.0,0.7008684078667168,50–75%,35.0,0.943135368014173,t20,lone wolf,higher,0.2422669601474562
t20_s01,Sprint 3,26,7258.0,0.8305548083282458,75–100%,52.0,0.8644514397639398,t20,good teammate,higher,0.03389663143569399
t20_s01,Sprint 3,26,7258.0,0.8305548083282458,75–100%,52.0,0.8644514397639398,t20,good teammate,higher,0.03389663143569399
t20_s01,Sprint 3,26,7258.0,0.8305548083282458,75–100%,52.0,0.8644514397639398,t20,good teammate,higher,0.03389663143569399
t20_s01,Sprint 3,26,7258.0,0.8305548083282458,75–100%,52.0,0.8644514397639398,t20,good teammate,higher,0.03389663143569399
t20_s01,Sprint 3,26,7258.0,0.8305548083282458,75–100%,52.0,0.8644514397639398,t20,couch potato,lower,0.03389663143569399
t20_s01,Sprint 3,26,7258.0,0.8305548083282458,75–100%,52.0,0.8644514397639398,t20,good teammate,higher,0.03389663143569399
t20_s02,Sprint 1,66,15666.0,0.7015890868223296,50–75%,107.0,0.7380522859042135,t20,good teammate,higher,0.03646319908188389
t20_s02,Sprint 1,66,15666.0,0.7015890868223296,50–75%,107.0,0.7380522859042135,t20,good teammate,higher,0.03646319908188389
t20_s02,Sprint 1,66,15666.0,0.7015890868223296,50–75%,107.0,0.7380522859042135,t20,good teammate,higher,0.03646319908188389
t20_s02,Sprint 1,66,15666.0,0.7015890868223296,50–75%,107.0,0.7380522859042135,t20,good teammate,higher,0.03646319908188389
t20_s02,Sprint 1,66,15666.0,0.7015890868223296,50–75%,107.0,0.7380522859042135,t20,good teammate,higher,0.03646319908188389
t20_s02,Sprint 1,66,15666.0,0.7015890868223296,50–75%,107.0,0.7380522859042135,t20,good teammate,higher,0.03646319908188389
t20_s02,Sprint 2,83,30103.0,0.8041899417008268,75–100%,112.0,0.8779132190503034,t20,good teammate,higher,0.07372327734947659
t20_s02,Sprint 2,83,30103.0,0.8041899417008268,75–100%,112.0,0.8779132190503034,t20,good teammate,higher,0.07372327734947659
t20_s02,Sprint 2,83,30103.0,0.8041899417008268,75–100%,112.0,0.8779132190503034,t20,good teammate,higher,0.07372327734947659
t20_s02,Sprint 2,83,30103.0,0.8041899417008268,75–100%,112.0,0.8779132190503034,t20,good teammate,higher,0.07372327734947659
t20_s02,Sprint 2,83,30103.0,0.8041899417008268,75–100%,112.0,0.8779132190503034,t20,good teammate,higher,0.07372327734947659
t20_s02,Sprint 2,83,30103.0,0.8041899417008268,75–100%,112.0,0.8779132190503034,t20,good teammate,higher,0.07372327734947659
t20_s02,Sprint 3,57,18681.0,0.6589312012520525,50–75%,117.0,0.7746509830190386,t20,good teammate,higher,0.11571978176698605
t20_s02,Sprint 3,57,18681.0,0.6589312012520525,50–75%,117.0,0.7746509830190386,t20,good teammate,higher,0.11571978176698605
t20_s02,Sprint 3,57,18681.0,0.6589312012520525,50–75%,117.0,0.7746509830190386,t20,good teammate,higher,0.11571978176698605
t20_s02,Sprint 3,57,18681.0,0.6589312012520525,50–75%,117.0,0.7746509830190386,t20,hitchhiker,lower,0.11571978176698605
t20_s02,Sprint 3,57,18681.0,0.6589312012520525,50–75%,117.0,0.7746509830190386,t20,good teammate,higher,0.11571978176698605
t20_s02,Sprint 3,57,18681.0,0.6589312012520525,50–75%,117.0,0.7746509830190386,t20,good teammate,higher,0.11571978176698605
t20_s03,Sprint 1,60,19822.0,0.8304941472011785,75–100%,127.0,0.7277658847331584,t20,good teammate,higher,-0.10272826246802014
t20_s03,Sprint 1,60,19822.0,0.8304941472011785,75–100%,127.0,0.7277658847331584,t20,good teammate,higher,-0.10272826246802014
t20_s03,Sprint 1,60,19822.0,0.8304941472011785,75–100%,127.0,0.7277658847331584,t20,good teammate,higher,-0.10272826246802014
t20_s03,Sprint 1,60,19822.0,0.8304941472011785,75–100%,127.0,0.7277658847331584,t20,good teammate,higher,-0.10272826246802014
t20_s03,Sprint 1,60,19822.0,0.8304941472011785,75–100%,127.0,0.7277658847331584,t20,good teammate,higher,-0.10272826246802014
t20_s03,Sprint 1,60,19822.0,0.8304941472011785,75–100%,127.0,0.7277658847331584,t20,good teammate,higher,-0.10272826246802014
t20_s03,Sprint 2,45,16385.0,0.7729720099656213,75–100%,58.0,0.8799271296332293,t20,good teammate,higher,0.10695511966760796
t20_s03,Sprint 2,45,16385.0,0.7729720099656213,75–100%,58.0,0.8799271296332293,t20,good teammate,higher,0.10695511966760796
t20_s03,Sprint 2,45,16385.0,0.7729720099656213,75–100%,58.0,0.8799271296332293,t20,good teammate,higher,0.10695511966760796
t20_s03,Sprint 2,45,16385.0,0.7729720099656213,75–100%,58.0,0.8799271296332293,t20,good teammate,higher,0.10695511966760796
t20_s03,Sprint 2,45,16385.0,0.7729720099656213,75–100%,58.0,0.8799271296332293,t20,good teammate,higher,0.10695511966760796
t20_s03,Sprint 2,45,16385.0,0.7729720099656213,75–100%,58.0,0.8799271296332293,t20,good teammate,higher,0.10695511966760796
t20_s03,Sprint 3,14,4191.0,0.6100800146447468,50–75%,45.0,0.9327948725014698,t20,good teammate,higher,0.32271485785672294
t20_s03,Sprint 3,14,4191.0,0.6100800146447468,50–75%,45.0,0.9327948725014698,t20,good teammate,higher,0.32271485785672294
t20_s03,Sprint 3,14,4191.0,0.6100800146447468,50–75%,45.0,0.9327948725014698,t20,good teammate,higher,0.32271485785672294
t20_s03,Sprint 3,14,4191.0,0.6100800146447468,50–75%,45.0,0.9327948725014698,t20,good teammate,higher,0.32271485785672294
t20_s03,Sprint 3,14,4191.0,0.6100800146447468,50–75%,45.0,0.9327948725014698,t20,couch potato,lower,0.32271485785672294
t20_s03,Sprint 3,14,4191.0,0.6100800146447468,50–75%,45.0,0.9327948725014698,t20,good teammate,higher,0.32271485785672294
t20_s04,Sprint 1,139,30310.0,0.7089613006564446,50–75%,182.0,0.6536389059435934,t20,good teammate,higher,-0.055322394712851164
t20_s04,Sprint 1,139,30310.0,0.7089613006564446,50–75%,182.0,0.6536389059435934,t20,good teammate,higher,-0.055322394712851164
t20_s04,Sprint 1,139,30310.0,0.7089613006564446,50–75%,182.0,0.6536389059435934,t20,good teammate,higher,-0.055322394712851164
t20_s04,Sprint 1,139,30310.0,0.7089613006564446,50–75%,182.0,0.6536389059435934,t20,good teammate,higher,-0.055322394712851164
t20_s04,Sprint 1,139,30310.0,0.7089613006564446,50–75%,182.0,0.6536389059435934,t20,good teammate,higher,-0.055322394712851164
t20_s04,Sprint 1,139,30310.0,0.7089613006564446,50–75%,182.0,0.6536389059435934,t20,good teammate,higher,-0.055322394712851164
t20_s04,Sprint 2,66,24003.0,0.7976824521046617,75–100%,118.0,0.9177607394526929,t20,good teammate,higher,0.12007828734803117
t20_s04,Sprint 2,66,24003.0,0.7976824521046617,75–100%,118.0,0.9177607394526929,t20,good teammate,higher,0.12007828734803117
t20_s04,Sprint 2,66,24003.0,0.7976824521046617,75–100%,118.0,0.9177607394526929,t20,good teammate,higher,0.12007828734803117
t20_s04,Sprint 2,66,24003.0,0.7976824521046617,75–100%,118.0,0.9177607394526929,t20,good teammate,higher,0.12007828734803117
t20_s04,Sprint 2,66,24003.0,0.7976824521046617,75–100%,118.0,0.9177607394526929,t20,good teammate,higher,0.12007828734803117
t20_s04,Sprint 2,66,24003.0,0.7976824521046617,75–100%,118.0,0.9177607394526929,t20,good teammate,higher,0.12007828734803117
t20_s04,Sprint 3,31,10292.0,0.5429835109447004,50–75%,69.0,0.9051102352676175,t20,good teammate,higher,0.36212672432291704
t20_s04,Sprint 3,31,10292.0,0.5429835109447004,50–75%,69.0,0.9051102352676175,t20,good teammate,higher,0.36212672432291704
t20_s04,Sprint 3,31,10292.0,0.5429835109447004,50–75%,69.0,0.9051102352676175,t20,good teammate,higher,0.36212672432291704
t20_s04,Sprint 3,31,10292.0,0.5429835109447004,50–75%,69.0,0.9051102352676175,t20,good teammate,higher,0.36212672432291704
t20_s04,Sprint 3,31,10292.0,0.5429835109447004,50–75%,69.0,0.9051102352676175,t20,couch potato,lower,0.36212672432291704
t20_s04,Sprint 3,31,10292.0,0.5429835109447004,50–75%,69.0,0.9051102352676175,t20,good teammate,higher,0.36212672432291704
t20_s05,Sprint 1,316,71313.0,0.6878440222251068,50–75%,128.0,0.7278386485295665,t20,good teammate,higher,0.03999462630445971
t20_s05,Sprint 1,316,71313.0,0.6878440222251068,50–75%,128.0,0.7278386485295665,t20,good teammate,higher,0.03999462630445971
t20_s05,Sprint 1,316,71313.0,0.6878440222251068,50–75%,128.0,0.7278386485295665,t20,good teammate,higher,0.03999462630445971
t20_s05,Sprint 1,316,71313.0,0.6878440222251068,50–75%,128.0,0.7278386485295665,t20,good teammate,higher,0.03999462630445971
t20_s05,Sprint 1,316,71313.0,0.6878440222251068,50–75%,128.0,0.7278386485295665,t20,good teammate,higher,0.03999462630445971
t20_s05,Sprint 1,316,71313.0,0.6878440222251068,50–75%,128.0,0.7278386485295665,t20,good teammate,higher,0.03999462630445971
t20_s05,Sprint 2,99,35816.0,0.8316059663400888,75–100%,48.0,0.9344972193515386,t20,good teammate,higher,0.10289125301144986
t20_s05,Sprint 2,99,35816.0,0.8316059663400888,75–100%,48.0,0.9344972193515386,t20,hitchhiker,lower,0.10289125301144986
t20_s05,Sprint 2,99,35816.0,0.8316059663400888,75–100%,48.0,0.9344972193515386,t20,hitchhiker,lower,0.10289125301144986
t20_s05,Sprint 2,99,35816.0,0.8316059663400888,75–100%,48.0,0.9344972193515386,t20,good teammate,higher,0.10289125301144986
t20_s05,Sprint 2,99,35816.0,0.8316059663400888,75–100%,48.0,0.9344972193515386,t20,good teammate,higher,0.10289125301144986
t20_s05,Sprint 2,99,35816.0,0.8316059663400888,75–100%,48.0,0.9344972193515386,t20,good teammate,higher,0.10289125301144986
t20_s05,Sprint 3,153,52205.0,0.6605266825094235,50–75%,85.0,0.907136369825708,t20,good teammate,higher,0.24660968731628452
t20_s05,Sprint 3,153,52205.0,0.6605266825094235,50–75%,85.0,0.907136369825708,t20,good teammate,higher,0.24660968731628452
t20_s05,Sprint 3,153,52205.0,0.6605266825094235,50–75%,85.0,0.907136369825708,t20,good teammate,higher,0.24660968731628452
t20_s05,Sprint 3,153,52205.0,0.6605266825094235,50–75%,85.0,0.907136369825708,t20,good teammate,higher,0.24660968731628452
t20_s05,Sprint 3,153,52205.0,0.6605266825094235,50–75%,85.0,0.907136369825708,t20,good teammate,higher,0.24660968731628452
t20_s05,Sprint 3,153,52205.0,0.6605266825094235,50–75%,85.0,0.907136369825708,t20,good teammate,higher,0.24660968731628452
t20_s06,Sprint 1,17,4578.0,0.7032354952713408,50–75%,63.0,0.8127238656405323,t20,good teammate,higher,0.10948837036919157
t20_s06,Sprint 1,17,4578.0,0.7032354952713408,50–75%,63.0,0.8127238656405323,t20,good teammate,higher,0.10948837036919157
t20_s06,Sprint 1,17,4578.0,0.7032354952713408,50–75%,63.0,0.8127238656405323,t20,good teammate,higher,0.10948837036919157
t20_s06,Sprint 1,17,4578.0,0.7032354952713408,50–75%,63.0,0.8127238656405323,t20,good teammate,higher,0.10948837036919157
t20_s06,Sprint 1,17,4578.0,0.7032354952713408,50–75%,63.0,0.8127238656405323,t20,good teammate,higher,0.10948837036919157
t20_s06,Sprint 1,17,4578.0,0.7032354952713408,50–75%,63.0,0.8127238656405323,t20,good teammate,higher,0.10948837036919157
t20_s06,Sprint 2,6,2286.0,0.8899272412209278,75–100%,20.0,0.9312875641989227,t20,good teammate,higher,0.04136032297799486
t20_s06,Sprint 2,6,2286.0,0.8899272412209278,75–100%,20.0,0.9312875641989227,t20,good teammate,higher,0.04136032297799486
t20_s06,Sprint 2,6,2286.0,0.8899272412209278,75–100%,20.0,0.9312875641989227,t20,couch potato,lower,0.04136032297799486
t20_s06,Sprint 2,6,2286.0,0.8899272412209278,75–100%,20.0,0.9312875641989227,t20,good teammate,higher,0.04136032297799486
t20_s06,Sprint 2,6,2286.0,0.8899272412209278,75–100%,20.0,0.9312875641989227,t20,good teammate,higher,0.04136032297799486
t20_s06,Sprint 2,6,2286.0,0.8899272412209278,75–100%,20.0,0.9312875641989227,t20,good teammate,higher,0.04136032297799486
t20_s06,Sprint 3,34,10681.0,0.6822002898381575,50–75%,24.0,0.7738393029376103,t20,good teammate,higher,0.09163901309945277
t20_s06,Sprint 3,34,10681.0,0.6822002898381575,50–75%,24.0,0.7738393029376103,t20,good teammate,higher,0.09163901309945277
t20_s06,Sprint 3,34,10681.0,0.6822002898381575,50–75%,24.0,0.7738393029376103,t20,good teammate,higher,0.09163901309945277
t20_s06,Sprint 3,34,10681.0,0.6822002898381575,50–75%,24.0,0.7738393029376103,t20,good teammate,higher,0.09163901309945277
t20_s06,Sprint 3,34,10681.0,0.6822002898381575,50–75%,24.0,0.7738393029376103,t20,good teammate,higher,0.09163901309945277
t20_s06,Sprint 3,34,10681.0,0.6822002898381575,50–75%,24.0,0.7738393029376103,t20,good teammate,higher,0.09163901309945277
t21_s01,Sprint 1,3,3.0,0.43121931116722784,25–50%,49.0,0.8854408294252044,t21,good teammate,higher,0.4542215182579766
t21_s01,Sprint 1,3,3.0,0.43121931116722784,25–50%,49.0,0.8854408294252044,t21,good teammate,higher,0.4542215182579766
t21_s01,Sprint 1,3,3.0,0.43121931116722784,25–50%,49.0,0.8854408294252044,t21,good teammate,higher,0.4542215182579766
t21_s01,Sprint 1,3,3.0,0.43121931116722784,25–50%,49.0,0.8854408294252044,t21,good teammate,higher,0.4542215182579766
t21_s01,Sprint 1,3,3.0,0.43121931116722784,25–50%,49.0,0.8854408294252044,t21,good teammate,higher,0.4542215182579766
t21_s01,Sprint 1,3,3.0,0.43121931116722784,25–50%,49.0,0.8854408294252044,t21,good teammate,higher,0.4542215182579766
t21_s01,Sprint 2,4,2.0,0.48131717399473883,25–50%,26.0,0.9667366350610431,t21,good teammate,higher,0.4854194610663043
t21_s01,Sprint 2,4,2.0,0.48131717399473883,25–50%,26.0,0.9667366350610431,t21,good teammate,higher,0.4854194610663043
t21_s01,Sprint 2,4,2.0,0.48131717399473883,25–50%,26.0,0.9667366350610431,t21,couch potato,lower,0.4854194610663043
t21_s01,Sprint 2,4,2.0,0.48131717399473883,25–50%,26.0,0.9667366350610431,t21,lone wolf,higher,0.4854194610663043
t21_s01,Sprint 2,4,2.0,0.48131717399473883,25–50%,26.0,0.9667366350610431,t21,couch potato,lower,0.4854194610663043
t21_s01,Sprint 3,8,5.0,0.4440257626488095,25–50%,24.0,0.9629504071593916,t21,good teammate,higher,0.5189246445105822
t21_s01,Sprint 3,8,5.0,0.4440257626488095,25–50%,24.0,0.9629504071593916,t21,couch potato,lower,0.5189246445105822
t21_s01,Sprint 3,8,5.0,0.4440257626488095,25–50%,24.0,0.9629504071593916,t21,couch potato,lower,0.5189246445105822
t21_s01,Sprint 3,8,5.0,0.4440257626488095,25–50%,24.0,0.9629504071593916,t21,good teammate,higher,0.5189246445105822
t21_s01,Sprint 3,8,5.0,0.4440257626488095,25–50%,24.0,0.9629504071593916,t21,good teammate,higher,0.5189246445105822
t21_s02,Sprint 1,10,1.0,0.5529061447811447,50–75%,22.0,0.8893004500497398,t21,good teammate,higher,0.33639430526859504
t21_s02,Sprint 1,10,1.0,0.5529061447811447,50–75%,22.0,0.8893004500497398,t21,good teammate,higher,0.33639430526859504
t21_s02,Sprint 1,10,1.0,0.5529061447811447,50–75%,22.0,0.8893004500497398,t21,good teammate,higher,0.33639430526859504
t21_s02,Sprint 1,10,1.0,0.5529061447811447,50–75%,22.0,0.8893004500497398,t21,good teammate,higher,0.33639430526859504
t21_s02,Sprint 1,10,1.0,0.5529061447811447,50–75%,22.0,0.8893004500497398,t21,good teammate,higher,0.33639430526859504
t21_s02,Sprint 1,10,1.0,0.5529061447811447,50–75%,22.0,0.8893004500497398,t21,good teammate,higher,0.33639430526859504
t21_s02,Sprint 2,10,37.0,0.796561944131279,75–100%,48.0,0.8155546030105641,t21,good teammate,higher,0.01899265887928514
t21_s02,Sprint 2,10,37.0,0.796561944131279,75–100%,48.0,0.8155546030105641,t21,good teammate,higher,0.01899265887928514
t21_s02,Sprint 2,10,37.0,0.796561944131279,75–100%,48.0,0.8155546030105641,t21,good teammate,higher,0.01899265887928514
t21_s02,Sprint 2,10,37.0,0.796561944131279,75–100%,48.0,0.8155546030105641,t21,good teammate,higher,0.01899265887928514
t21_s02,Sprint 2,10,37.0,0.796561944131279,75–100%,48.0,0.8155546030105641,t21,good teammate,higher,0.01899265887928514
t21_s02,Sprint 3,27,37.0,0.41100575029394476,25–50%,58.0,0.8042021942277868,t21,good teammate,higher,0.39319644393384207
t21_s02,Sprint 3,27,37.0,0.41100575029394476,25–50%,58.0,0.8042021942277868,t21,good teammate,higher,0.39319644393384207
t21_s02,Sprint 3,27,37.0,0.41100575029394476,25–50%,58.0,0.8042021942277868,t21,good teammate,higher,0.39319644393384207
t21_s02,Sprint 3,27,37.0,0.41100575029394476,25–50%,58.0,0.8042021942277868,t21,good teammate,higher,0.39319644393384207
t21_s02,Sprint 3,27,37.0,0.41100575029394476,25–50%,58.0,0.8042021942277868,t21,good teammate,higher,0.39319644393384207
t21_s03,Sprint 1,16,9.0,0.5144349911879209,50–75%,194.0,0.7235992143297234,t21,good teammate,higher,0.2091642231418025
t21_s03,Sprint 1,16,9.0,0.5144349911879209,50–75%,194.0,0.7235992143297234,t21,good teammate,higher,0.2091642231418025
t21_s03,Sprint 1,16,9.0,0.5144349911879209,50–75%,194.0,0.7235992143297234,t21,good teammate,higher,0.2091642231418025
t21_s03,Sprint 1,16,9.0,0.5144349911879209,50–75%,194.0,0.7235992143297234,t21,good teammate,higher,0.2091642231418025
t21_s03,Sprint 1,16,9.0,0.5144349911879209,50–75%,194.0,0.7235992143297234,t21,good teammate,higher,0.2091642231418025
t21_s03,Sprint 1,16,9.0,0.5144349911879209,50–75%,194.0,0.7235992143297234,t21,good teammate,higher,0.2091642231418025
t21_s03,Sprint 2,8,11.0,0.2753285497306777,25–50%,111.0,0.5967619902879204,t21,good teammate,higher,0.3214334405572427
t21_s03,Sprint 2,8,11.0,0.2753285497306777,25–50%,111.0,0.5967619902879204,t21,good teammate,higher,0.3214334405572427
t21_s03,Sprint 2,8,11.0,0.2753285497306777,25–50%,111.0,0.5967619902879204,t21,good teammate,higher,0.3214334405572427
t21_s03,Sprint 2,8,11.0,0.2753285497306777,25–50%,111.0,0.5967619902879204,t21,good teammate,higher,0.3214334405572427
t21_s03,Sprint 2,8,11.0,0.2753285497306777,25–50%,111.0,0.5967619902879204,t21,good teammate,higher,0.3214334405572427
t21_s03,Sprint 3,25,22.0,0.4895939318783069,25–50%,79.0,0.4833082701259125,t21,good teammate,higher,-0.0062856617523944225
t21_s03,Sprint 3,25,22.0,0.4895939318783069,25–50%,79.0,0.4833082701259125,t21,good teammate,higher,-0.0062856617523944225
t21_s03,Sprint 3,25,22.0,0.4895939318783069,25–50%,79.0,0.4833082701259125,t21,good teammate,higher,-0.0062856617523944225
t21_s03,Sprint 3,25,22.0,0.4895939318783069,25–50%,79.0,0.4833082701259125,t21,good teammate,higher,-0.0062856617523944225
t21_s03,Sprint 3,25,22.0,0.4895939318783069,25–50%,79.0,0.4833082701259125,t21,good teammate,higher,-0.0062856617523944225
t21_s04,Sprint 1,2,0.0,0.42120528198653195,25–50%,21.0,0.9983675169352253,t21,good teammate,higher,0.5771622349486933
t21_s04,Sprint 1,2,0.0,0.42120528198653195,25–50%,21.0,0.9983675169352253,t21,good teammate,higher,0.5771622349486933
t21_s04,Sprint 1,2,0.0,0.42120528198653195,25–50%,21.0,0.9983675169352253,t21,good teammate,higher,0.5771622349486933
t21_s04,Sprint 1,2,0.0,0.42120528198653195,25–50%,21.0,0.9983675169352253,t21,good teammate,higher,0.5771622349486933
t21_s04,Sprint 1,2,0.0,0.42120528198653195,25–50%,21.0,0.9983675169352253,t21,good teammate,higher,0.5771622349486933
t21_s04,Sprint 1,2,0.0,0.42120528198653195,25–50%,21.0,0.9983675169352253,t21,good teammate,higher,0.5771622349486933
t21_s04,Sprint 3,1,0.0,0.054367559523809526,0–25%,14.0,0.9920597127739985,t21,good teammate,higher,0.937692153250189
t21_s04,Sprint 3,1,0.0,0.054367559523809526,0–25%,14.0,0.9920597127739985,t21,couch potato,lower,0.937692153250189
t21_s04,Sprint 3,1,0.0,0.054367559523809526,0–25%,14.0,0.9920597127739985,t21,hitchhiker,lower,0.937692153250189
t21_s04,Sprint 3,1,0.0,0.054367559523809526,0–25%,14.0,0.9920597127739985,t21,good teammate,higher,0.937692153250189
t21_s04,Sprint 3,1,0.0,0.054367559523809526,0–25%,14.0,0.9920597127739985,t21,hitchhiker,lower,0.937692153250189
t21_s05,Sprint 1,3,0.0,0.40037694654882156,25–50%,72.0,0.9646669530957726,t21,good teammate,higher,0.5642900065469509
t21_s05,Sprint 1,3,0.0,0.40037694654882156,25–50%,72.0,0.9646669530957726,t21,good teammate,higher,0.5642900065469509
t21_s05,Sprint 1,3,0.0,0.40037694654882156,25–50%,72.0,0.9646669530957726,t21,good teammate,higher,0.5642900065469509
t21_s05,Sprint 1,3,0.0,0.40037694654882156,25–50%,72.0,0.9646669530957726,t21,good teammate,higher,0.5642900065469509
t21_s05,Sprint 1,3,0.0,0.40037694654882156,25–50%,72.0,0.9646669530957726,t21,good teammate,higher,0.5642900065469509
t21_s05,Sprint 1,3,0.0,0.40037694654882156,25–50%,72.0,0.9646669530957726,t21,good teammate,higher,0.5642900065469509
t21_s05,Sprint 3,6,3.0,0.59260795579806,50–75%,8.0,0.9981862805886244,t21,good teammate,higher,0.4055783247905643
t21_s05,Sprint 3,6,3.0,0.59260795579806,50–75%,8.0,0.9981862805886244,t21,couch potato,lower,0.4055783247905643
t21_s05,Sprint 3,6,3.0,0.59260795579806,50–75%,8.0,0.9981862805886244,t21,couch potato,lower,0.4055783247905643
t21_s05,Sprint 3,6,3.0,0.59260795579806,50–75%,8.0,0.9981862805886244,t21,good teammate,higher,0.4055783247905643
t21_s05,Sprint 3,6,3.0,0.59260795579806,50–75%,8.0,0.9981862805886244,t21,couch potato,lower,0.4055783247905643
t22_s01,Sprint 1,7,0.0,0.3333994333213083,25–50%,25.0,0.9429740635521885,t22,good teammate,higher,0.6095746302308802
t22_s01,Sprint 1,7,0.0,0.3333994333213083,25–50%,25.0,0.9429740635521885,t22,good teammate,higher,0.6095746302308802
t22_s01,Sprint 1,7,0.0,0.3333994333213083,25–50%,25.0,0.9429740635521885,t22,lone wolf,higher,0.6095746302308802
t22_s01,Sprint 1,7,0.0,0.3333994333213083,25–50%,25.0,0.9429740635521885,t22,good teammate,higher,0.6095746302308802
t22_s01,Sprint 1,7,0.0,0.3333994333213083,25–50%,25.0,0.9429740635521885,t22,good teammate,higher,0.6095746302308802
t22_s01,Sprint 1,7,0.0,0.3333994333213083,25–50%,25.0,0.9429740635521885,t22,good teammate,higher,0.6095746302308802
t22_s01,Sprint 2,1,0.0,0.729409369911061,50–75%,29.0,0.7850303230571862,t22,good teammate,higher,0.05562095314612525
t22_s01,Sprint 2,1,0.0,0.729409369911061,50–75%,29.0,0.7850303230571862,t22,lone wolf,higher,0.05562095314612525
t22_s01,Sprint 2,1,0.0,0.729409369911061,50–75%,29.0,0.7850303230571862,t22,good teammate,higher,0.05562095314612525
t22_s01,Sprint 2,1,0.0,0.729409369911061,50–75%,29.0,0.7850303230571862,t22,good teammate,higher,0.05562095314612525
t22_s02,Sprint 1,3,0.0,0.3480155723905724,25–50%,73.0,0.9360249109243116,t22,good teammate,higher,0.5880093385337393
t22_s02,Sprint 1,3,0.0,0.3480155723905724,25–50%,73.0,0.9360249109243116,t22,good teammate,higher,0.5880093385337393
t22_s02,Sprint 1,3,0.0,0.3480155723905724,25–50%,73.0,0.9360249109243116,t22,good teammate,higher,0.5880093385337393
t22_s02,Sprint 1,3,0.0,0.3480155723905724,25–50%,73.0,0.9360249109243116,t22,good teammate,higher,0.5880093385337393
t22_s02,Sprint 1,3,0.0,0.3480155723905724,25–50%,73.0,0.9360249109243116,t22,good teammate,higher,0.5880093385337393
t22_s02,Sprint 1,3,0.0,0.3480155723905724,25–50%,73.0,0.9360249109243116,t22,good teammate,higher,0.5880093385337393
t22_s02,Sprint 2,3,0.0,0.5271343271117792,50–75%,62.0,0.7601451673515898,t22,good teammate,higher,0.23301084023981056
t22_s02,Sprint 2,3,0.0,0.5271343271117792,50–75%,62.0,0.7601451673515898,t22,good teammate,higher,0.23301084023981056
t22_s02,Sprint 2,3,0.0,0.5271343271117792,50–75%,62.0,0.7601451673515898,t22,good teammate,higher,0.23301084023981056
t22_s02,Sprint 2,3,0.0,0.5271343271117792,50–75%,62.0,0.7601451673515898,t22,good teammate,higher,0.23301084023981056
t22_s03,Sprint 1,14,0.0,0.3299296536796537,25–50%,63.0,0.9315050763922291,t22,good teammate,higher,0.6015754227125754
t22_s03,Sprint 1,14,0.0,0.3299296536796537,25–50%,63.0,0.9315050763922291,t22,good teammate,higher,0.6015754227125754
t22_s03,Sprint 1,14,0.0,0.3299296536796537,25–50%,63.0,0.9315050763922291,t22,good teammate,higher,0.6015754227125754
t22_s03,Sprint 1,14,0.0,0.3299296536796537,25–50%,63.0,0.9315050763922291,t22,good teammate,higher,0.6015754227125754
t22_s03,Sprint 1,14,0.0,0.3299296536796537,25–50%,63.0,0.9315050763922291,t22,good teammate,higher,0.6015754227125754
t22_s03,Sprint 1,14,0.0,0.3299296536796537,25–50%,63.0,0.9315050763922291,t22,lone wolf,higher,0.6015754227125754
t22_s03,Sprint 2,1,0.0,0.06593761743705374,0–25%,24.0,0.8859470254499144,t22,good teammate,higher,0.8200094080128607
t22_s03,Sprint 2,1,0.0,0.06593761743705374,0–25%,24.0,0.8859470254499144,t22,lone wolf,higher,0.8200094080128607
t22_s03,Sprint 2,1,0.0,0.06593761743705374,0–25%,24.0,0.8859470254499144,t22,good teammate,higher,0.8200094080128607
t22_s03,Sprint 2,1,0.0,0.06593761743705374,0–25%,24.0,0.8859470254499144,t22,good teammate,higher,0.8200094080128607
t22_s04,Sprint 1,3,0.0,0.3119682940516274,25–50%,35.0,0.9119981060606062,t22,good teammate,higher,0.6000298120089788
t22_s04,Sprint 1,3,0.0,0.3119682940516274,25–50%,35.0,0.9119981060606062,t22,good teammate,higher,0.6000298120089788
t22_s04,Sprint 1,3,0.0,0.3119682940516274,25–50%,35.0,0.9119981060606062,t22,lone wolf,higher,0.6000298120089788
t22_s04,Sprint 1,3,0.0,0.3119682940516274,25–50%,35.0,0.9119981060606062,t22,good teammate,higher,0.6000298120089788
t22_s04,Sprint 1,3,0.0,0.3119682940516274,25–50%,35.0,0.9119981060606062,t22,good teammate,higher,0.6000298120089788
t22_s04,Sprint 1,3,0.0,0.3119682940516274,25–50%,35.0,0.9119981060606062,t22,good teammate,higher,0.6000298120089788
t23_s01,Sprint 1,9,37.0,0.583526672979798,50–75%,111.0,0.8025103962864379,t23,good teammate,higher,0.21898372330663995
t23_s01,Sprint 1,9,37.0,0.583526672979798,50–75%,111.0,0.8025103962864379,t23,good teammate,higher,0.21898372330663995
t23_s01,Sprint 1,9,37.0,0.583526672979798,50–75%,111.0,0.8025103962864379,t23,good teammate,higher,0.21898372330663995
t23_s01,Sprint 1,9,37.0,0.583526672979798,50–75%,111.0,0.8025103962864379,t23,good teammate,higher,0.21898372330663995
t23_s01,Sprint 1,9,37.0,0.583526672979798,50–75%,111.0,0.8025103962864379,t23,good teammate,higher,0.21898372330663995
t23_s01,Sprint 1,9,37.0,0.583526672979798,50–75%,111.0,0.8025103962864379,t23,good teammate,higher,0.21898372330663995
t23_s01,Sprint 2,10,50.0,0.3773500876863335,25–50%,64.0,0.6155480542637479,t23,good teammate,higher,0.23819796657741443
t23_s01,Sprint 2,10,50.0,0.3773500876863335,25–50%,64.0,0.6155480542637479,t23,good teammate,higher,0.23819796657741443
t23_s01,Sprint 2,10,50.0,0.3773500876863335,25–50%,64.0,0.6155480542637479,t23,good teammate,higher,0.23819796657741443
t23_s01,Sprint 2,10,50.0,0.3773500876863335,25–50%,64.0,0.6155480542637479,t23,good teammate,higher,0.23819796657741443
t23_s01,Sprint 2,10,50.0,0.3773500876863335,25–50%,64.0,0.6155480542637479,t23,good teammate,higher,0.23819796657741443
t23_s01,Sprint 3,11,1.0,0.3510575998075998,25–50%,70.0,0.7588971501795162,t23,good teammate,higher,0.4078395503719164
t23_s01,Sprint 3,11,1.0,0.3510575998075998,25–50%,70.0,0.7588971501795162,t23,good teammate,higher,0.4078395503719164
t23_s01,Sprint 3,11,1.0,0.3510575998075998,25–50%,70.0,0.7588971501795162,t23,good teammate,higher,0.4078395503719164
t23_s01,Sprint 3,11,1.0,0.3510575998075998,25–50%,70.0,0.7588971501795162,t23,good teammate,higher,0.4078395503719164
t23_s01,Sprint 3,11,1.0,0.3510575998075998,25–50%,70.0,0.7588971501795162,t23,good teammate,higher,0.4078395503719164
t23_s02,Sprint 1,10,30.0,0.5229514151936028,50–75%,91.0,0.7205220127095127,t23,good teammate,higher,0.19757059751590988
t23_s02,Sprint 1,10,30.0,0.5229514151936028,50–75%,91.0,0.7205220127095127,t23,good teammate,higher,0.19757059751590988
t23_s02,Sprint 1,10,30.0,0.5229514151936028,50–75%,91.0,0.7205220127095127,t23,good teammate,higher,0.19757059751590988
t23_s02,Sprint 1,10,30.0,0.5229514151936028,50–75%,91.0,0.7205220127095127,t23,good teammate,higher,0.19757059751590988
t23_s02,Sprint 1,10,30.0,0.5229514151936028,50–75%,91.0,0.7205220127095127,t23,good teammate,higher,0.19757059751590988
t23_s02,Sprint 1,10,30.0,0.5229514151936028,50–75%,91.0,0.7205220127095127,t23,good teammate,higher,0.19757059751590988
t23_s02,Sprint 2,8,43.0,0.14344239321057245,0–25%,48.0,0.5730840470896489,t23,good teammate,higher,0.42964165387907644
t23_s02,Sprint 2,8,43.0,0.14344239321057245,0–25%,48.0,0.5730840470896489,t23,good teammate,higher,0.42964165387907644
t23_s02,Sprint 2,8,43.0,0.14344239321057245,0–25%,48.0,0.5730840470896489,t23,good teammate,higher,0.42964165387907644
t23_s02,Sprint 2,8,43.0,0.14344239321057245,0–25%,48.0,0.5730840470896489,t23,good teammate,higher,0.42964165387907644
t23_s02,Sprint 2,8,43.0,0.14344239321057245,0–25%,48.0,0.5730840470896489,t23,good teammate,higher,0.42964165387907644
t23_s02,Sprint 3,9,7.0,0.7988040582745444,75–100%,30.0,0.9561888778659612,t23,lone wolf,higher,0.1573848195914168
t23_s02,Sprint 3,9,7.0,0.7988040582745444,75–100%,30.0,0.9561888778659612,t23,good teammate,higher,0.1573848195914168
t23_s02,Sprint 3,9,7.0,0.7988040582745444,75–100%,30.0,0.9561888778659612,t23,couch potato,lower,0.1573848195914168
t23_s02,Sprint 3,9,7.0,0.7988040582745444,75–100%,30.0,0.9561888778659612,t23,good teammate,higher,0.1573848195914168
t23_s02,Sprint 3,9,7.0,0.7988040582745444,75–100%,30.0,0.9561888778659612,t23,couch potato,lower,0.1573848195914168
t23_s03,Sprint 1,12,31.0,0.526322074915825,50–75%,10.0,0.7803117371632997,t23,couch potato,lower,0.25398966224747477
t23_s03,Sprint 1,12,31.0,0.526322074915825,50–75%,10.0,0.7803117371632997,t23,couch potato,lower,0.25398966224747477
t23_s03,Sprint 1,12,31.0,0.526322074915825,50–75%,10.0,0.7803117371632997,t23,couch potato,lower,0.25398966224747477
t23_s03,Sprint 1,12,31.0,0.526322074915825,50–75%,10.0,0.7803117371632997,t23,couch potato,lower,0.25398966224747477
t23_s03,Sprint 1,12,31.0,0.526322074915825,50–75%,10.0,0.7803117371632997,t23,good teammate,higher,0.25398966224747477
t23_s03,Sprint 1,12,31.0,0.526322074915825,50–75%,10.0,0.7803117371632997,t23,good teammate,higher,0.25398966224747477
t23_s03,Sprint 2,3,4.0,0.3785866842039334,25–50%,9.0,0.5997799838545799,t23,couch potato,lower,0.2211932996506465
t23_s03,Sprint 2,3,4.0,0.3785866842039334,25–50%,9.0,0.5997799838545799,t23,couch potato,lower,0.2211932996506465
t23_s03,Sprint 2,3,4.0,0.3785866842039334,25–50%,9.0,0.5997799838545799,t23,couch potato,lower,0.2211932996506465
t23_s03,Sprint 2,3,4.0,0.3785866842039334,25–50%,9.0,0.5997799838545799,t23,couch potato,lower,0.2211932996506465
t23_s03,Sprint 2,3,4.0,0.3785866842039334,25–50%,9.0,0.5997799838545799,t23,couch potato,lower,0.2211932996506465
t23_s03,Sprint 3,7,6.0,0.6485708971088435,50–75%,15.0,0.6929719190917107,t23,couch potato,lower,0.04440102198286722
t23_s03,Sprint 3,7,6.0,0.6485708971088435,50–75%,15.0,0.6929719190917107,t23,good teammate,higher,0.04440102198286722
t23_s03,Sprint 3,7,6.0,0.6485708971088435,50–75%,15.0,0.6929719190917107,t23,couch potato,lower,0.04440102198286722
t23_s03,Sprint 3,7,6.0,0.6485708971088435,50–75%,15.0,0.6929719190917107,t23,couch potato,lower,0.04440102198286722
t23_s03,Sprint 3,7,6.0,0.6485708971088435,50–75%,15.0,0.6929719190917107,t23,hitchhiker,lower,0.04440102198286722
t23_s04,Sprint 1,34,74.0,0.5552913556521093,50–75%,102.0,0.7104574183419159,t23,good teammate,higher,0.1551660626898066
t23_s04,Sprint 1,34,74.0,0.5552913556521093,50–75%,102.0,0.7104574183419159,t23,good teammate,higher,0.1551660626898066
t23_s04,Sprint 1,34,74.0,0.5552913556521093,50–75%,102.0,0.7104574183419159,t23,good teammate,higher,0.1551660626898066
t23_s04,Sprint 1,34,74.0,0.5552913556521093,50–75%,102.0,0.7104574183419159,t23,good teammate,higher,0.1551660626898066
t23_s04,Sprint 1,34,74.0,0.5552913556521093,50–75%,102.0,0.7104574183419159,t23,good teammate,higher,0.1551660626898066
t23_s04,Sprint 1,34,74.0,0.5552913556521093,50–75%,102.0,0.7104574183419159,t23,good teammate,higher,0.1551660626898066
t23_s04,Sprint 2,31,156.0,0.5854361687941715,50–75%,83.0,0.6198360220287388,t23,good teammate,higher,0.03439985323456729
t23_s04,Sprint 2,31,156.0,0.5854361687941715,50–75%,83.0,0.6198360220287388,t23,good teammate,higher,0.03439985323456729
t23_s04,Sprint 2,31,156.0,0.5854361687941715,50–75%,83.0,0.6198360220287388,t23,good teammate,higher,0.03439985323456729
t23_s04,Sprint 2,31,156.0,0.5854361687941715,50–75%,83.0,0.6198360220287388,t23,good teammate,higher,0.03439985323456729
t23_s04,Sprint 2,31,156.0,0.5854361687941715,50–75%,83.0,0.6198360220287388,t23,good teammate,higher,0.03439985323456729
t23_s04,Sprint 3,25,19.0,0.6671672453703704,50–75%,129.0,0.8061042313943234,t23,good teammate,higher,0.138936986023953
t23_s04,Sprint 3,25,19.0,0.6671672453703704,50–75%,129.0,0.8061042313943234,t23,good teammate,higher,0.138936986023953
t23_s04,Sprint 3,25,19.0,0.6671672453703704,50–75%,129.0,0.8061042313943234,t23,good teammate,higher,0.138936986023953
t23_s04,Sprint 3,25,19.0,0.6671672453703704,50–75%,129.0,0.8061042313943234,t23,good teammate,higher,0.138936986023953
t23_s04,Sprint 3,25,19.0,0.6671672453703704,50–75%,129.0,0.8061042313943234,t23,good teammate,higher,0.138936986023953
t23_s05,Sprint 1,10,18.0,0.5168649515993267,50–75%,90.0,0.7290724314908342,t23,good teammate,higher,0.21220747989150757
t23_s05,Sprint 1,10,18.0,0.5168649515993267,50–75%,90.0,0.7290724314908342,t23,good teammate,higher,0.21220747989150757
t23_s05,Sprint 1,10,18.0,0.5168649515993267,50–75%,90.0,0.7290724314908342,t23,good teammate,higher,0.21220747989150757
t23_s05,Sprint 1,10,18.0,0.5168649515993267,50–75%,90.0,0.7290724314908342,t23,good teammate,higher,0.21220747989150757
t23_s05,Sprint 1,10,18.0,0.5168649515993267,50–75%,90.0,0.7290724314908342,t23,good teammate,higher,0.21220747989150757
t23_s05,Sprint 1,10,18.0,0.5168649515993267,50–75%,90.0,0.7290724314908342,t23,good teammate,higher,0.21220747989150757
t23_s05,Sprint 2,5,8.0,0.44628253789302263,25–50%,67.0,0.6320377724305941,t23,good teammate,higher,0.18575523453757148
t23_s05,Sprint 2,5,8.0,0.44628253789302263,25–50%,67.0,0.6320377724305941,t23,good teammate,higher,0.18575523453757148
t23_s05,Sprint 2,5,8.0,0.44628253789302263,25–50%,67.0,0.6320377724305941,t23,good teammate,higher,0.18575523453757148
t23_s05,Sprint 2,5,8.0,0.44628253789302263,25–50%,67.0,0.6320377724305941,t23,good teammate,higher,0.18575523453757148
t23_s05,Sprint 2,5,8.0,0.44628253789302263,25–50%,67.0,0.6320377724305941,t23,good teammate,higher,0.18575523453757148
t23_s05,Sprint 3,8,3.0,0.32574714781746034,25–50%,76.0,0.7855074752854359,t23,good teammate,higher,0.4597603274679755
t23_s05,Sprint 3,8,3.0,0.32574714781746034,25–50%,76.0,0.7855074752854359,t23,good teammate,higher,0.4597603274679755
t23_s05,Sprint 3,8,3.0,0.32574714781746034,25–50%,76.0,0.7855074752854359,t23,good teammate,higher,0.4597603274679755
t23_s05,Sprint 3,8,3.0,0.32574714781746034,25–50%,76.0,0.7855074752854359,t23,good teammate,higher,0.4597603274679755
t23_s05,Sprint 3,8,3.0,0.32574714781746034,25–50%,76.0,0.7855074752854359,t23,good teammate,higher,0.4597603274679755
t23_s06,Sprint 1,12,36.0,0.5601715944163861,50–75%,30.0,0.7683081421857464,t23,hitchhiker,lower,0.2081365477693603
t23_s06,Sprint 1,12,36.0,0.5601715944163861,50–75%,30.0,0.7683081421857464,t23,couch potato,lower,0.2081365477693603
t23_s06,Sprint 1,12,36.0,0.5601715944163861,50–75%,30.0,0.7683081421857464,t23,couch potato,lower,0.2081365477693603
t23_s06,Sprint 1,12,36.0,0.5601715944163861,50–75%,30.0,0.7683081421857464,t23,hitchhiker,lower,0.2081365477693603
t23_s06,Sprint 1,12,36.0,0.5601715944163861,50–75%,30.0,0.7683081421857464,t23,good teammate,higher,0.2081365477693603
t23_s06,Sprint 1,12,36.0,0.5601715944163861,50–75%,30.0,0.7683081421857464,t23,good teammate,higher,0.2081365477693603
t24_s01,Sprint 1,20,157.0,0.7419876630892256,50–75%,63.0,0.8037649435826518,t24,good teammate,higher,0.061777280493426234
t24_s01,Sprint 1,20,157.0,0.7419876630892256,50–75%,63.0,0.8037649435826518,t24,good teammate,higher,0.061777280493426234
t24_s01,Sprint 1,20,157.0,0.7419876630892256,50–75%,63.0,0.8037649435826518,t24,good teammate,higher,0.061777280493426234
t24_s01,Sprint 1,20,157.0,0.7419876630892256,50–75%,63.0,0.8037649435826518,t24,good teammate,higher,0.061777280493426234
t24_s01,Sprint 2,40,285.0,0.6429694503258448,50–75%,68.0,0.8711467797378252,t24,good teammate,higher,0.22817732941198032
t24_s01,Sprint 2,40,285.0,0.6429694503258448,50–75%,68.0,0.8711467797378252,t24,good teammate,higher,0.22817732941198032
t24_s01,Sprint 2,40,285.0,0.6429694503258448,50–75%,68.0,0.8711467797378252,t24,good teammate,higher,0.22817732941198032
t24_s01,Sprint 2,40,285.0,0.6429694503258448,50–75%,68.0,0.8711467797378252,t24,good teammate,higher,0.22817732941198032
t24_s01,Sprint 2,40,285.0,0.6429694503258448,50–75%,68.0,0.8711467797378252,t24,good teammate,higher,0.22817732941198032
t24_s01,Sprint 2,40,285.0,0.6429694503258448,50–75%,68.0,0.8711467797378252,t24,good teammate,higher,0.22817732941198032
t24_s01,Sprint 3,26,705.0,0.5212300792378918,50–75%,40.0,0.614770347635582,t24,good teammate,higher,0.09354026839769025
t24_s01,Sprint 3,26,705.0,0.5212300792378918,50–75%,40.0,0.614770347635582,t24,good teammate,higher,0.09354026839769025
t24_s01,Sprint 3,26,705.0,0.5212300792378918,50–75%,40.0,0.614770347635582,t24,good teammate,higher,0.09354026839769025
t24_s01,Sprint 3,26,705.0,0.5212300792378918,50–75%,40.0,0.614770347635582,t24,good teammate,higher,0.09354026839769025
t24_s01,Sprint 3,26,705.0,0.5212300792378918,50–75%,40.0,0.614770347635582,t24,good teammate,higher,0.09354026839769025
t24_s02,Sprint 1,80,584.0,0.7677272201178451,75–100%,56.0,0.8477672042222822,t24,good teammate,higher,0.08003998410443713
t24_s02,Sprint 1,80,584.0,0.7677272201178451,75–100%,56.0,0.8477672042222822,t24,good teammate,higher,0.08003998410443713
t24_s02,Sprint 1,80,584.0,0.7677272201178451,75–100%,56.0,0.8477672042222822,t24,good teammate,higher,0.08003998410443713
t24_s02,Sprint 1,80,584.0,0.7677272201178451,75–100%,56.0,0.8477672042222822,t24,good teammate,higher,0.08003998410443713
t24_s02,Sprint 2,108,1236.0,0.7543309219591633,75–100%,78.0,0.9099510177075002,t24,good teammate,higher,0.1556200957483369
t24_s02,Sprint 2,108,1236.0,0.7543309219591633,75–100%,78.0,0.9099510177075002,t24,good teammate,higher,0.1556200957483369
t24_s02,Sprint 2,108,1236.0,0.7543309219591633,75–100%,78.0,0.9099510177075002,t24,good teammate,higher,0.1556200957483369
t24_s02,Sprint 2,108,1236.0,0.7543309219591633,75–100%,78.0,0.9099510177075002,t24,good teammate,higher,0.1556200957483369
t24_s02,Sprint 2,108,1236.0,0.7543309219591633,75–100%,78.0,0.9099510177075002,t24,good teammate,higher,0.1556200957483369
t24_s02,Sprint 2,108,1236.0,0.7543309219591633,75–100%,78.0,0.9099510177075002,t24,good teammate,higher,0.1556200957483369
t24_s02,Sprint 3,99,2222.0,0.5625836531652504,50–75%,33.0,0.7605969165864999,t24,good teammate,higher,0.19801326342124947
t24_s02,Sprint 3,99,2222.0,0.5625836531652504,50–75%,33.0,0.7605969165864999,t24,good teammate,higher,0.19801326342124947
t24_s02,Sprint 3,99,2222.0,0.5625836531652504,50–75%,33.0,0.7605969165864999,t24,good teammate,higher,0.19801326342124947
t24_s02,Sprint 3,99,2222.0,0.5625836531652504,50–75%,33.0,0.7605969165864999,t24,good teammate,higher,0.19801326342124947
t24_s02,Sprint 3,99,2222.0,0.5625836531652504,50–75%,33.0,0.7605969165864999,t24,good teammate,higher,0.19801326342124947
t24_s03,Sprint 1,55,451.0,0.810433142982859,75–100%,83.0,0.8117533866526713,t24,good teammate,higher,0.0013202436698123154
t24_s03,Sprint 1,55,451.0,0.810433142982859,75–100%,83.0,0.8117533866526713,t24,good teammate,higher,0.0013202436698123154
t24_s03,Sprint 1,55,451.0,0.810433142982859,75–100%,83.0,0.8117533866526713,t24,good teammate,higher,0.0013202436698123154
t24_s03,Sprint 1,55,451.0,0.810433142982859,75–100%,83.0,0.8117533866526713,t24,good teammate,higher,0.0013202436698123154
t24_s03,Sprint 2,33,750.0,0.8274102828358747,75–100%,53.0,0.8232318618101202,t24,good teammate,higher,-0.004178421025754497
t24_s03,Sprint 2,33,750.0,0.8274102828358747,75–100%,53.0,0.8232318618101202,t24,good teammate,higher,-0.004178421025754497
t24_s03,Sprint 2,33,750.0,0.8274102828358747,75–100%,53.0,0.8232318618101202,t24,good teammate,higher,-0.004178421025754497
t24_s03,Sprint 2,33,750.0,0.8274102828358747,75–100%,53.0,0.8232318618101202,t24,good teammate,higher,-0.004178421025754497
t24_s03,Sprint 2,33,750.0,0.8274102828358747,75–100%,53.0,0.8232318618101202,t24,good teammate,higher,-0.004178421025754497
t24_s03,Sprint 2,33,750.0,0.8274102828358747,75–100%,53.0,0.8232318618101202,t24,good teammate,higher,-0.004178421025754497
t24_s03,Sprint 3,54,1787.0,0.44297815010777974,25–50%,45.0,0.8008498585390946,t24,good teammate,higher,0.3578717084313149
t24_s03,Sprint 3,54,1787.0,0.44297815010777974,25–50%,45.0,0.8008498585390946,t24,good teammate,higher,0.3578717084313149
t24_s03,Sprint 3,54,1787.0,0.44297815010777974,25–50%,45.0,0.8008498585390946,t24,good teammate,higher,0.3578717084313149
t24_s03,Sprint 3,54,1787.0,0.44297815010777974,25–50%,45.0,0.8008498585390946,t24,good teammate,higher,0.3578717084313149
t24_s03,Sprint 3,54,1787.0,0.44297815010777974,25–50%,45.0,0.8008498585390946,t24,good teammate,higher,0.3578717084313149
t24_s04,Sprint 2,9,22.0,0.5341516695199522,50–75%,29.0,0.8485878828717922,t24,hitchhiker,lower,0.31443621335184
t24_s04,Sprint 2,9,22.0,0.5341516695199522,50–75%,29.0,0.8485878828717922,t24,hitchhiker,lower,0.31443621335184
t24_s04,Sprint 2,9,22.0,0.5341516695199522,50–75%,29.0,0.8485878828717922,t24,couch potato,lower,0.31443621335184
t24_s04,Sprint 2,9,22.0,0.5341516695199522,50–75%,29.0,0.8485878828717922,t24,good teammate,higher,0.31443621335184
t24_s04,Sprint 2,9,22.0,0.5341516695199522,50–75%,29.0,0.8485878828717922,t24,good teammate,higher,0.31443621335184
t24_s04,Sprint 2,9,22.0,0.5341516695199522,50–75%,29.0,0.8485878828717922,t24,good teammate,higher,0.31443621335184
t24_s04,Sprint 3,18,769.0,0.2854863069131161,25–50%,25.0,0.9338946924603175,t24,good teammate,higher,0.6484083855472014
t24_s04,Sprint 3,18,769.0,0.2854863069131161,25–50%,25.0,0.9338946924603175,t24,good teammate,higher,0.6484083855472014
t24_s04,Sprint 3,18,769.0,0.2854863069131161,25–50%,25.0,0.9338946924603175,t24,good teammate,higher,0.6484083855472014
t24_s04,Sprint 3,18,769.0,0.2854863069131161,25–50%,25.0,0.9338946924603175,t24,good teammate,higher,0.6484083855472014
t24_s04,Sprint 3,18,769.0,0.2854863069131161,25–50%,25.0,0.9338946924603175,t24,good teammate,higher,0.6484083855472014
t24_s05,Sprint 1,26,71.0,0.7736994241291116,75–100%,64.0,0.9184333693379103,t24,good teammate,higher,0.14473394520879868
t24_s05,Sprint 1,26,71.0,0.7736994241291116,75–100%,64.0,0.9184333693379103,t24,good teammate,higher,0.14473394520879868
t24_s05,Sprint 1,26,71.0,0.7736994241291116,75–100%,64.0,0.9184333693379103,t24,good teammate,higher,0.14473394520879868
t24_s05,Sprint 1,26,71.0,0.7736994241291116,75–100%,64.0,0.9184333693379103,t24,good teammate,higher,0.14473394520879868
t24_s05,Sprint 2,17,52.0,0.6537275718254232,50–75%,25.0,0.9747217086308406,t24,hitchhiker,lower,0.32099413680541744
t24_s05,Sprint 2,17,52.0,0.6537275718254232,50–75%,25.0,0.9747217086308406,t24,hitchhiker,lower,0.32099413680541744
t24_s05,Sprint 2,17,52.0,0.6537275718254232,50–75%,25.0,0.9747217086308406,t24,good teammate,higher,0.32099413680541744
t24_s05,Sprint 2,17,52.0,0.6537275718254232,50–75%,25.0,0.9747217086308406,t24,good teammate,higher,0.32099413680541744
t24_s05,Sprint 2,17,52.0,0.6537275718254232,50–75%,25.0,0.9747217086308406,t24,good teammate,higher,0.32099413680541744
t24_s05,Sprint 2,17,52.0,0.6537275718254232,50–75%,25.0,0.9747217086308406,t24,good teammate,higher,0.32099413680541744
t24_s05,Sprint 3,11,143.0,0.38809993536556037,25–50%,23.0,0.9037694997987117,t24,good teammate,higher,0.5156695644331513
t24_s05,Sprint 3,11,143.0,0.38809993536556037,25–50%,23.0,0.9037694997987117,t24,good teammate,higher,0.5156695644331513
t24_s05,Sprint 3,11,143.0,0.38809993536556037,25–50%,23.0,0.9037694997987117,t24,good teammate,higher,0.5156695644331513
t24_s05,Sprint 3,11,143.0,0.38809993536556037,25–50%,23.0,0.9037694997987117,t24,good teammate,higher,0.5156695644331513
t24_s05,Sprint 3,11,143.0,0.38809993536556037,25–50%,23.0,0.9037694997987117,t24,good teammate,higher,0.5156695644331513
t24_s06,Sprint 1,1,8.0,0.5838965172558923,50–75%,,,t24,hitchhiker,lower,
